PlacetteID,Annee,ssp,Aridity,CMI,CMIcm,DD,FFP,MSP,Max_ST,Min_WT,PAS,PTot,PUtile,TMoy,TSummer,TmaxUtil,Tmax_yr,TotalVPD,UtilVPD
400202303,1991,SSP245,34.27,108.29,0.3666666666666667,1317.91,165.93,476.94,19.05,-17.34,169,992.29,290.91,1.99,13.05,21.35,7.61,11.64,5.71
400202303,1992,SSP245,34.27,108.29,0.3666666666666667,1317.91,165.93,476.94,19.05,-17.34,169,992.29,290.91,1.99,13.05,21.35,7.61,11.64,5.71
400202303,1993,SSP245,34.27,108.29,0.3666666666666667,1317.91,165.93,476.94,19.05,-17.34,169,992.29,290.91,1.99,13.05,21.35,7.61,11.64,5.71
400202303,1994,SSP245,34.27,108.29,0.3666666666666667,1317.91,165.93,476.94,19.05,-17.34,169,992.29,290.91,1.99,13.05,21.35,7.61,11.64,5.71
400202303,1995,SSP245,34.27,108.29,0.3666666666666667,1317.91,165.93,476.94,19.05,-17.34,169,992.29,290.91,1.99,13.05,21.35,7.61,11.64,5.71
400202303,1996,SSP245,34.27,108.29,0.3666666666666667,1317.91,165.93,476.94,19.05,-17.34,169,992.29,290.91,1.99,13.05,21.35,7.61,11.64,5.71
400202303,1997,SSP245,34.27,108.29,0.3666666666666667,1317.91,165.93,476.94,19.05,-17.34,169,992.29,290.91,1.99,13.05,21.35,7.61,11.64,5.71
400202303,1998,SSP245,34.27,108.29,0.3666666666666667,1317.91,165.93,476.94,19.05,-17.34,169,992.29,290.91,1.99,13.05,21.35,7.61,11.64,5.71
400202303,1999,SSP245,34.27,108.29,0.3666666666666667,1317.91,165.93,476.94,19.05,-17.34,169,992.29,290.91,1.99,13.05,21.35,7.61,11.64,5.71
400202303,2000,SSP245,34.27,108.29,0.3666666666666667,1317.91,165.93,476.94,19.05,-17.34,169,992.29,290.91,1.99,13.05,21.35,7.61,11.64,5.71
400202303,2001,SSP245,34.27,108.29,0.3666666666666667,1317.91,165.93,476.94,19.05,-17.34,169,992.29,290.91,1.99,13.05,21.35,7.61,11.64,5.71
400202303,2002,SSP245,34.27,108.29,0.3666666666666667,1317.91,165.93,476.94,19.05,-17.34,169,992.29,290.91,1.99,13.05,21.35,7.61,11.64,5.71
400202303,2003,SSP245,34.27,108.29,0.3666666666666667,1317.91,165.93,476.94,19.05,-17.34,169,992.29,290.91,1.99,13.05,21.35,7.61,11.64,5.71
400202303,2004,SSP245,34.27,108.29,0.3666666666666667,1317.91,165.93,476.94,19.05,-17.34,169,992.29,290.91,1.99,13.05,21.35,7.61,11.64,5.71
400202303,2005,SSP245,34.27,108.29,0.3666666666666667,1317.91,165.93,476.94,19.05,-17.34,169,992.29,290.91,1.99,13.05,21.35,7.61,11.64,5.71
400202303,2006,SSP245,34.608000000000004,108.29050000000001,0.3746666666666667,1321.25,166.097,476.678,19.052,-17.335,170.066,993.2869999999999,291.3025,1.9975,13.066500000000001,21.3515,7.5915,11.624500000000001,5.701
400202303,2007,SSP245,35.284000000000006,108.2915,0.3906666666666667,1327.93,166.431,476.154,19.056,-17.325,172.198,995.281,292.08750000000003,2.0125,13.0995,21.3545,7.5545,11.5935,5.683
400202303,2008,SSP245,35.96,108.2925,0.40666666666666673,1334.6100000000001,166.76500000000001,475.63,19.060000000000002,-17.314999999999998,174.32999999999998,997.275,292.8725,2.0275,13.1325,21.3575,7.5175,11.5625,5.665
400202303,2009,SSP245,36.636,108.29350000000001,0.4226666666666667,1341.29,167.09900000000002,475.106,19.064,-17.305,176.462,999.269,293.6575,2.0425,13.165500000000002,21.360500000000002,7.4805,11.531500000000001,5.647
400202303,2010,SSP245,37.312000000000005,108.2945,0.4386666666666667,1347.97,167.43300000000002,474.582,19.068,-17.294999999999998,178.594,1001.263,294.4425,2.0575,13.198500000000001,21.363500000000002,7.4435,11.5005,5.6290000000000004
400202303,2011,SSP245,37.988,108.2955,0.4546666666666667,1354.65,167.767,474.058,19.072,-17.285,180.726,1003.257,295.2275,2.0725000000000002,13.2315,21.3665,7.4065,11.4695,5.611
400202303,2012,SSP245,38.664,108.2965,0.47066666666666673,1361.3300000000002,168.101,473.534,19.076,-17.275,182.858,1005.251,296.0125,2.0875,13.2645,21.3695,7.3695,11.4385,5.593
400202303,2013,SSP245,39.34,108.2975,0.48666666666666664,1368.01,168.435,473.01,19.08,-17.265,184.99,1007.245,296.7975,2.1025,13.297500000000001,21.3725,7.3325000000000005,11.4075,5.575
400202303,2014,SSP245,40.016,108.2985,0.5026666666666667,1374.69,168.769,472.486,19.084,-17.255,187.12199999999999,1009.239,297.5825,2.1175,13.3305,21.3755,7.2955000000000005,11.3765,5.557
400202303,2015,SSP245,40.692,108.2995,0.5186666666666667,1381.3700000000001,169.103,471.962,19.088,-17.244999999999997,189.254,1011.2330000000001,298.3675,2.1325000000000003,13.3635,21.3785,7.258500000000001,11.3455,5.539000000000001
400202303,2016,SSP245,41.099000000000004,108.991,0.53,1388.0235,169.4345,472.6075,19.1135,-17.2045,190.6325,1013.268,299.3195,2.1615,13.402000000000001,21.400499999999997,7.263,11.3305,5.5345
400202303,2017,SSP245,41.237,110.373,0.5366666666666667,1394.6505,169.76350000000002,474.4225,19.1605,-17.133499999999998,191.2575,1015.344,300.4385,2.2045,13.446000000000002,21.441499999999998,7.309,11.3315,5.5435
400202303,2018,SSP245,41.375,111.755,0.5433333333333333,1401.2775000000001,170.0925,476.2375,19.2075,-17.0625,191.8825,1017.4200000000001,301.5575,2.2475,13.49,21.482499999999998,7.355,11.3325,5.5525
400202303,2019,SSP245,41.513,113.137,0.55,1407.9045,170.4215,478.0525,19.2545,-16.9915,192.5075,1019.496,302.6765,2.2905,13.534,21.5235,7.401,11.3335,5.5615000000000006
400202303,2020,SSP245,41.650999999999996,114.519,0.5566666666666668,1414.5315,170.75050000000002,479.8675,19.3015,-16.9205,193.1325,1021.572,303.7955,2.3335,13.578000000000001,21.5645,7.447,11.3345,5.5705
400202303,2021,SSP245,41.789,115.901,0.5633333333333334,1421.1585,171.0795,481.6825,19.348499999999998,-16.8495,193.7575,1023.648,304.9145,2.3765,13.622,21.6055,7.493,11.3355,5.5795
400202303,2022,SSP245,41.927,117.283,0.57,1427.7855,171.4085,483.4975,19.3955,-16.7785,194.3825,1025.724,306.0335,2.4194999999999998,13.666,21.6465,7.539000000000001,11.3365,5.5885
400202303,2023,SSP245,42.065,118.665,0.5766666666666667,1434.4125,171.7375,485.3125,19.4425,-16.7075,195.0075,1027.8,307.1525,2.4625,13.71,21.6875,7.585,11.3375,5.5975
400202303,2024,SSP245,42.202999999999996,120.047,0.5833333333333334,1441.0395,172.0665,487.1275,19.4895,-16.6365,195.6325,1029.876,308.2715,2.5055,13.754,21.7285,7.631,11.3385,5.6065000000000005
400202303,2025,SSP245,42.340999999999994,121.429,0.59,1447.6665,172.3955,488.9425,19.5365,-16.5655,196.2575,1031.952,309.3905,2.5484999999999998,13.798,21.7695,7.6770000000000005,11.3395,5.6155
400202303,2026,SSP245,42.500499999999995,121.46950000000001,0.5910000000000001,1454.567,172.734,489.749,19.5775,-16.492,196.976,1033.685,309.8335,2.5919999999999996,13.842,21.805999999999997,7.718500000000001,11.3445,5.6275
400202303,2027,SSP245,42.6815,120.16850000000001,0.5863333333333333,1461.741,173.082,489.547,19.612499999999997,-16.416,197.78799999999998,1035.075,309.6005,2.6359999999999997,13.886000000000001,21.838,7.7555000000000005,11.3535,5.6425
400202303,2028,SSP245,42.8625,118.8675,0.5816666666666667,1468.915,173.43,489.345,19.6475,-16.34,198.6,1036.4650000000001,309.3675,2.6799999999999997,13.93,21.869999999999997,7.7925,11.3625,5.6575
400202303,2029,SSP245,43.043499999999995,117.5665,0.577,1476.089,173.778,489.14300000000003,19.682499999999997,-16.264,199.412,1037.855,309.1345,2.7239999999999998,13.974,21.901999999999997,7.8295,11.3715,5.6725
400202303,2030,SSP245,43.2245,116.2655,0.5723333333333334,1483.263,174.126,488.94100000000003,19.7175,-16.188,200.224,1039.2450000000001,308.9015,2.768,14.018,21.933999999999997,7.8665,11.3805,5.6875
400202303,2031,SSP245,43.405499999999996,114.9645,0.5676666666666667,1490.4370000000001,174.474,488.739,19.7525,-16.112000000000002,201.036,1040.635,308.6685,2.812,14.062,21.966,7.9035,11.3895,5.7025
400202303,2032,SSP245,43.5865,113.6635,0.5630000000000001,1497.611,174.822,488.537,19.7875,-16.036,201.84799999999998,1042.025,308.4355,2.856,14.106,21.997999999999998,7.9405,11.3985,5.717499999999999
400202303,2033,SSP245,43.7675,112.3625,0.5583333333333332,1504.785,175.17,488.335,19.822499999999998,-15.96,202.66,1043.415,308.2025,2.9,14.15,22.03,7.9775,11.407499999999999,5.7325
400202303,2034,SSP245,43.948499999999996,111.0615,0.5536666666666666,1511.959,175.518,488.133,19.8575,-15.884,203.472,1044.805,307.9695,2.944,14.193999999999999,22.061999999999998,8.0145,11.4165,5.7475
400202303,2035,SSP245,44.1295,109.76050000000001,0.5489999999999999,1519.133,175.86599999999999,487.931,19.8925,-15.808,204.284,1046.1950000000002,307.7365,2.9879999999999995,14.238,22.094,8.0515,11.4255,5.762499999999999
400202303,2036,SSP245,44.179,108.4705,0.5401666666666666,1527.285,176.15,488.084,19.9355,-15.7545,204.813,1047.1995000000002,307.73900000000003,3.0345,14.282,22.134999999999998,8.0945,11.446,5.7829999999999995
400202303,2037,SSP245,44.097,107.1915,0.5271666666666667,1536.415,176.37,488.592,19.9865,-15.7235,205.059,1047.8185,307.977,3.0835,14.326,22.185,8.1435,11.478,5.808999999999999
400202303,2038,SSP245,44.015,105.9125,0.5141666666666667,1545.545,176.59,489.1,20.0375,-15.692499999999999,205.305,1048.4375,308.21500000000003,3.1325,14.37,22.235,8.1925,11.51,5.835
400202303,2039,SSP245,43.933,104.6335,0.5011666666666666,1554.675,176.81,489.608,20.0885,-15.6615,205.551,1049.0565000000001,308.453,3.1814999999999998,14.414,22.285,8.2415,11.542,5.861
400202303,2040,SSP245,43.851,103.3545,0.48816666666666664,1563.805,177.03,490.116,20.1395,-15.6305,205.797,1049.6755,308.69100000000003,3.2304999999999997,14.458,22.335,8.2905,11.574,5.887
400202303,2041,SSP245,43.769,102.07549999999999,0.4751666666666667,1572.935,177.25,490.624,20.1905,-15.5995,206.043,1050.2945,308.929,3.2795,14.501999999999999,22.384999999999998,8.339500000000001,11.606,5.913
400202303,2042,SSP245,43.687,100.7965,0.4621666666666666,1582.065,177.47,491.132,20.241500000000002,-15.5685,206.28900000000002,1050.9134999999999,309.16700000000003,3.3285,14.546,22.435,8.3885,11.638,5.939
400202303,2043,SSP245,43.605,99.5175,0.44916666666666666,1591.195,177.69,491.64,20.2925,-15.537500000000001,206.535,1051.5325,309.405,3.3775,14.59,22.485,8.4375,11.67,5.965
400202303,2044,SSP245,43.522999999999996,98.23849999999999,0.43616666666666665,1600.325,177.91,492.148,20.343500000000002,-15.5065,206.781,1052.1515,309.64300000000003,3.4265,14.633999999999999,22.535,8.486500000000001,11.702,5.9910000000000005
400202303,2045,SSP245,43.440999999999995,96.95949999999999,0.4231666666666667,1609.455,178.13,492.656,20.3945,-15.4755,207.02700000000002,1052.7704999999999,309.881,3.4755,14.677999999999999,22.585,8.5355,11.734,6.017
400307001,1991,SSP245,36.34,101.04,0.3066666666666667,1223.98,156.91,472.49,18.73,-17.96,171.16,1000.7,289.87,1.54,12.57,21.04,7.38,11.97,5.56
400307001,1992,SSP245,36.34,101.04,0.3066666666666667,1223.98,156.91,472.49,18.73,-17.96,171.16,1000.7,289.87,1.54,12.57,21.04,7.38,11.97,5.56
400307001,1993,SSP245,36.34,101.04,0.3066666666666667,1223.98,156.91,472.49,18.73,-17.96,171.16,1000.7,289.87,1.54,12.57,21.04,7.38,11.97,5.56
400307001,1994,SSP245,36.34,101.04,0.3066666666666667,1223.98,156.91,472.49,18.73,-17.96,171.16,1000.7,289.87,1.54,12.57,21.04,7.38,11.97,5.56
400307001,1995,SSP245,36.34,101.04,0.3066666666666667,1223.98,156.91,472.49,18.73,-17.96,171.16,1000.7,289.87,1.54,12.57,21.04,7.38,11.97,5.56
400307001,1996,SSP245,36.34,101.04,0.3066666666666667,1223.98,156.91,472.49,18.73,-17.96,171.16,1000.7,289.87,1.54,12.57,21.04,7.38,11.97,5.56
400307001,1997,SSP245,36.34,101.04,0.3066666666666667,1223.98,156.91,472.49,18.73,-17.96,171.16,1000.7,289.87,1.54,12.57,21.04,7.38,11.97,5.56
400307001,1998,SSP245,36.34,101.04,0.3066666666666667,1223.98,156.91,472.49,18.73,-17.96,171.16,1000.7,289.87,1.54,12.57,21.04,7.38,11.97,5.56
400307001,1999,SSP245,36.34,101.04,0.3066666666666667,1223.98,156.91,472.49,18.73,-17.96,171.16,1000.7,289.87,1.54,12.57,21.04,7.38,11.97,5.56
400307001,2000,SSP245,36.34,101.04,0.3066666666666667,1223.98,156.91,472.49,18.73,-17.96,171.16,1000.7,289.87,1.54,12.57,21.04,7.38,11.97,5.56
400307001,2001,SSP245,36.34,101.04,0.3066666666666667,1223.98,156.91,472.49,18.73,-17.96,171.16,1000.7,289.87,1.54,12.57,21.04,7.38,11.97,5.56
400307001,2002,SSP245,36.34,101.04,0.3066666666666667,1223.98,156.91,472.49,18.73,-17.96,171.16,1000.7,289.87,1.54,12.57,21.04,7.38,11.97,5.56
400307001,2003,SSP245,36.34,101.04,0.3066666666666667,1223.98,156.91,472.49,18.73,-17.96,171.16,1000.7,289.87,1.54,12.57,21.04,7.38,11.97,5.56
400307001,2004,SSP245,36.34,101.04,0.3066666666666667,1223.98,156.91,472.49,18.73,-17.96,171.16,1000.7,289.87,1.54,12.57,21.04,7.38,11.97,5.56
400307001,2005,SSP245,36.34,101.04,0.3066666666666667,1223.98,156.91,472.49,18.73,-17.96,171.16,1000.7,289.87,1.54,12.57,21.04,7.38,11.97,5.56
400307001,2006,SSP245,36.6565,101.748,0.32,1227.278,157.2005,472.2195,18.7165,-17.9545,172.3435,1001.9240000000001,290.1785,1.5430000000000001,12.584,21.0275,7.349,11.925,5.539
400307001,2007,SSP245,37.289500000000004,103.164,0.3466666666666667,1233.874,157.7815,471.6785,18.6895,-17.9435,174.7105,1004.3720000000001,290.7955,1.549,12.612,21.002499999999998,7.287,11.835,5.497
400307001,2008,SSP245,37.9225,104.58000000000001,0.37333333333333335,1240.47,158.3625,471.1375,18.6625,-17.9325,177.0775,1006.82,291.4125,1.5550000000000002,12.64,20.9775,7.225,11.745000000000001,5.455
400307001,2009,SSP245,38.5555,105.99600000000001,0.39999999999999997,1247.066,158.9435,470.5965,18.6355,-17.9215,179.4445,1009.268,292.0295,1.561,12.668,20.9525,7.163,11.655000000000001,5.412999999999999
400307001,2010,SSP245,39.188500000000005,107.412,0.4266666666666667,1253.662,159.5245,470.0555,18.6085,-17.910500000000003,181.8115,1011.716,292.6465,1.5670000000000002,12.696,20.9275,7.101,11.565000000000001,5.3709999999999996
400307001,2011,SSP245,39.8215,108.828,0.45333333333333337,1260.258,160.1055,469.5145,18.581500000000002,-17.8995,184.1785,1014.1640000000001,293.2635,1.573,12.724,20.9025,7.039,11.475,5.329
400307001,2012,SSP245,40.4545,110.244,0.48,1266.854,160.6865,468.9735,18.5545,-17.8885,186.5455,1016.6120000000001,293.88050000000004,1.5790000000000002,12.752,20.877499999999998,6.976999999999999,11.385,5.287
400307001,2013,SSP245,41.087500000000006,111.66,0.5066666666666667,1273.45,161.26749999999998,468.4325,18.5275,-17.8775,188.91250000000002,1019.0600000000001,294.4975,1.585,12.78,20.8525,6.915,11.295,5.244999999999999
400307001,2014,SSP245,41.7205,113.07600000000001,0.5333333333333333,1280.046,161.8485,467.8915,18.500500000000002,-17.866500000000002,191.2795,1021.508,295.1145,1.5910000000000002,12.808,20.8275,6.853,11.205,5.202999999999999
400307001,2015,SSP245,42.353500000000004,114.492,0.5599999999999999,1286.642,162.4295,467.3505,18.4735,-17.855500000000003,193.6465,1023.956,295.73150000000004,1.597,12.836,20.8025,6.7909999999999995,11.115,5.161
400307001,2016,SSP245,42.711,115.91250000000001,0.5765,1293.0195,162.859,468.02,18.4825,-17.817,195.122,1026.3285,296.6445,1.6215000000000002,12.8725,20.810499999999998,6.7835,11.071,5.145
400307001,2017,SSP245,42.793,117.3375,0.5828333333333333,1299.1785,163.137,469.9,18.5275,-17.751,195.70600000000002,1028.6255,297.8535,1.6645,12.9175,20.851499999999998,6.8305,11.073,5.154999999999999
400307001,2018,SSP245,42.875,118.7625,0.5891666666666667,1305.3375,163.415,471.78,18.5725,-17.685000000000002,196.29000000000002,1030.9225000000001,299.0625,1.7075,12.9625,20.8925,6.8774999999999995,11.075,5.165
400307001,2019,SSP245,42.957,120.1875,0.5955,1311.4965,163.693,473.65999999999997,18.6175,-17.619,196.874,1033.2195000000002,300.2715,1.7505,13.0075,20.9335,6.9245,11.077,5.175
400307001,2020,SSP245,43.039,121.6125,0.6018333333333333,1317.6555,163.971,475.53999999999996,18.6625,-17.553,197.458,1035.5165000000002,301.4805,1.7934999999999999,13.0525,20.9745,6.9715,11.079,5.185
400307001,2021,SSP245,43.121,123.0375,0.6081666666666666,1323.8145,164.249,477.42,18.7075,-17.487000000000002,198.042,1037.8135,302.6895,1.8365,13.0975,21.0155,7.0185,11.081,5.195
400307001,2022,SSP245,43.203,124.46249999999999,0.6144999999999999,1329.9735,164.527,479.3,18.7525,-17.421000000000003,198.626,1040.1105,303.8985,1.8795,13.1425,21.0565,7.0655,11.083,5.205
400307001,2023,SSP245,43.285000000000004,125.88749999999999,0.6208333333333332,1336.1325,164.805,481.18,18.7975,-17.355,199.20999999999998,1042.4075,305.1075,1.9224999999999999,13.1875,21.0975,7.112500000000001,11.085,5.215
400307001,2024,SSP245,43.367000000000004,127.31249999999999,0.62716666666666665,1342.2915,165.083,483.06,18.8425,-17.289,199.79399999999998,1044.7045,306.3165,1.9654999999999998,13.2325,21.1385,7.1595,11.087,5.2250000000000005
400307001,2025,SSP245,43.449000000000005,128.73749999999998,0.6335,1348.4505,165.361,484.94,18.8875,-17.223000000000003,200.378,1047.0015,307.5255,2.0084999999999997,13.2775,21.1795,7.2065,11.089,5.235
400307001,2026,SSP245,43.609,128.85999999999999,0.634,1355.0165,165.688,485.8015,18.9285,-17.1505,201.134,1048.7305000000001,307.9475,2.0515,13.3215,21.216,7.248,11.0945,5.2465
400307001,2027,SSP245,43.847,127.67999999999999,0.6286666666666666,1361.9895,166.064,485.6445,18.9655,-17.0715,202.06199999999998,1049.8915000000002,307.5825,2.0945,13.364500000000001,21.247999999999998,7.284000000000001,11.1035,5.2595
400307001,2028,SSP245,44.085,126.5,0.6233333333333333,1368.9625,166.44,485.4875,19.0025,-16.9925,202.98999999999998,1051.0525,307.2175,2.1374999999999997,13.4075,21.28,7.32,11.1125,5.2725
400307001,2029,SSP245,44.323,125.32,0.618,1375.9355,166.816,485.3305,19.0395,-16.9135,203.91799999999998,1052.2135,306.8525,2.1805,13.4505,21.311999999999998,7.356,11.1215,5.2855
400307001,2030,SSP245,44.561,124.14,0.6126666666666666,1382.9085,167.192,485.1735,19.0765,-16.8345,204.84599999999998,1053.3745000000001,306.4875,2.2235,13.493500000000001,21.344,7.392,11.1305,5.2985
400307001,2031,SSP245,44.799,122.96,0.6073333333333334,1389.8815,167.56799999999998,485.0165,19.113500000000002,-16.7555,205.774,1054.5355,306.1225,2.2664999999999997,13.5365,21.376,7.428,11.1395,5.3115000000000006
400307001,2032,SSP245,45.037,121.78,0.602,1396.8545,167.944,484.8595,19.1505,-16.6765,206.702,1055.6965,305.7575,2.3095,13.579500000000001,21.408,7.464,11.1485,5.3245000000000005
400307001,2033,SSP245,45.275,120.6,0.5966666666666667,1403.8274999999999,168.32,484.7025,19.1875,-16.5975,207.63,1056.8575,305.39250000000004,2.3525,13.6225,21.439999999999998,7.5,11.157499999999999,5.3375
400307001,2034,SSP245,45.513,119.42,0.5913333333333334,1410.8005,168.696,484.5455,19.224500000000003,-16.5185,208.558,1058.0185,305.02750000000003,2.3954999999999997,13.6655,21.472,7.536,11.1665,5.3505
400307001,2035,SSP245,45.751,118.24000000000001,0.586,1417.7735,169.072,484.3885,19.2615,-16.4395,209.486,1059.1795,304.6625,2.4385,13.7085,21.503999999999998,7.572,11.1755,5.3635
400307001,2036,SSP245,45.777499999999996,117.00150000000001,0.5776666666666667,1425.67,169.37,484.585,19.306,-16.3755,210.018,1060.155,304.6495,2.485,13.751000000000001,21.5445,7.616,11.198,5.382
400307001,2037,SSP245,45.5925,115.70450000000001,0.5663333333333334,1434.49,169.59,485.135,19.358,-16.3265,210.154,1060.945,304.98850000000004,2.535,13.793000000000001,21.5935,7.668,11.234,5.406000000000001
400307001,2038,SSP245,45.4075,114.4075,0.555,1443.31,169.81,485.685,19.41,-16.2775,210.29,1061.7350000000001,305.3275,2.585,13.835,21.6425,7.72,11.27,5.43
400307001,2039,SSP245,45.2225,113.1105,0.5436666666666666,1452.13,170.03,486.235,19.462,-16.2285,210.426,1062.525,305.66650000000004,2.635,13.877,21.6915,7.771999999999999,11.306,5.454000000000001
400307001,2040,SSP245,45.0375,111.8135,0.5323333333333333,1460.95,170.25,486.785,19.514,-16.1795,210.56199999999998,1063.315,306.0055,2.685,13.919,21.7405,7.824,11.341999999999999,5.478
400307001,2041,SSP245,44.8525,110.51650000000001,0.521,1469.77,170.47,487.335,19.566000000000003,-16.130499999999998,210.698,1064.105,306.34450000000004,2.735,13.961,21.7895,7.8759999999999994,11.378,5.502000000000001
400307001,2042,SSP245,44.667500000000004,109.21950000000001,0.5096666666666666,1478.59,170.69,487.885,19.618000000000002,-16.0815,210.834,1064.895,306.6835,2.785,14.003,21.8385,7.928,11.414,5.526
400307001,2043,SSP245,44.4825,107.92250000000001,0.4983333333333333,1487.41,170.91,488.435,19.67,-16.0325,210.97,1065.685,307.02250000000004,2.835,14.045,21.887500000000003,7.9799999999999995,11.45,5.550000000000001
400307001,2044,SSP245,44.2975,106.6255,0.48699999999999993,1496.23,171.13,488.985,19.722,-15.9835,211.106,1066.4750000000001,307.3615,2.885,14.087,21.936500000000002,8.032,11.485999999999999,5.574
400307001,2045,SSP245,44.112500000000004,105.3285,0.4756666666666667,1505.05,171.35,489.535,19.774,-15.9345,211.242,1067.265,307.70050000000003,2.935,14.129,21.985500000000002,8.084,11.521999999999998,5.598000000000001
400327501,1991,SSP245,54.34,66.28,0.12,1360.66,171.3,434.32,19.3,-15.94,178.33,966.35,270.25,2.75,13.22,21.52,8.11,11.58,5.66
400327501,1992,SSP245,54.34,66.28,0.12,1360.66,171.3,434.32,19.3,-15.94,178.33,966.35,270.25,2.75,13.22,21.52,8.11,11.58,5.66
400327501,1993,SSP245,54.34,66.28,0.12,1360.66,171.3,434.32,19.3,-15.94,178.33,966.35,270.25,2.75,13.22,21.52,8.11,11.58,5.66
400327501,1994,SSP245,54.34,66.28,0.12,1360.66,171.3,434.32,19.3,-15.94,178.33,966.35,270.25,2.75,13.22,21.52,8.11,11.58,5.66
400327501,1995,SSP245,54.34,66.28,0.12,1360.66,171.3,434.32,19.3,-15.94,178.33,966.35,270.25,2.75,13.22,21.52,8.11,11.58,5.66
400327501,1996,SSP245,54.34,66.28,0.12,1360.66,171.3,434.32,19.3,-15.94,178.33,966.35,270.25,2.75,13.22,21.52,8.11,11.58,5.66
400327501,1997,SSP245,54.34,66.28,0.12,1360.66,171.3,434.32,19.3,-15.94,178.33,966.35,270.25,2.75,13.22,21.52,8.11,11.58,5.66
400327501,1998,SSP245,54.34,66.28,0.12,1360.66,171.3,434.32,19.3,-15.94,178.33,966.35,270.25,2.75,13.22,21.52,8.11,11.58,5.66
400327501,1999,SSP245,54.34,66.28,0.12,1360.66,171.3,434.32,19.3,-15.94,178.33,966.35,270.25,2.75,13.22,21.52,8.11,11.58,5.66
400327501,2000,SSP245,54.34,66.28,0.12,1360.66,171.3,434.32,19.3,-15.94,178.33,966.35,270.25,2.75,13.22,21.52,8.11,11.58,5.66
400327501,2001,SSP245,54.34,66.28,0.12,1360.66,171.3,434.32,19.3,-15.94,178.33,966.35,270.25,2.75,13.22,21.52,8.11,11.58,5.66
400327501,2002,SSP245,54.34,66.28,0.12,1360.66,171.3,434.32,19.3,-15.94,178.33,966.35,270.25,2.75,13.22,21.52,8.11,11.58,5.66
400327501,2003,SSP245,54.34,66.28,0.12,1360.66,171.3,434.32,19.3,-15.94,178.33,966.35,270.25,2.75,13.22,21.52,8.11,11.58,5.66
400327501,2004,SSP245,54.34,66.28,0.12,1360.66,171.3,434.32,19.3,-15.94,178.33,966.35,270.25,2.75,13.22,21.52,8.11,11.58,5.66
400327501,2005,SSP245,54.34,66.28,0.12,1360.66,171.3,434.32,19.3,-15.94,178.33,966.35,270.25,2.75,13.22,21.52,8.11,11.58,5.66
400327501,2006,SSP245,54.660000000000004,67.0625,0.131,1365.064,171.70850000000002,434.417,19.2895,-15.901,178.95350000000002,967.3165,270.4415,2.7665,13.2455,21.511,8.0955,11.5365,5.6485
400327501,2007,SSP245,55.300000000000004,68.6275,0.153,1373.872,172.52550000000002,434.611,19.2685,-15.823,180.2005,969.2495,270.8245,2.7995,13.2965,21.493,8.0665,11.4495,5.6255
400327501,2008,SSP245,55.940000000000005,70.1925,0.17500000000000002,1382.68,173.3425,434.805,19.247500000000002,-15.745,181.44750000000002,971.1825,271.2075,2.8325,13.3475,21.475,8.0375,11.3625,5.6025
400327501,2009,SSP245,56.580000000000005,71.75750000000001,0.19699999999999998,1391.488,174.1595,434.99899999999997,19.2265,-15.667,182.6945,973.1155,271.5905,2.8655,13.3985,21.457,8.0085,11.275500000000001,5.5795
400327501,2010,SSP245,57.220000000000006,73.3225,0.219,1400.296,174.97650000000002,435.193,19.2055,-15.589,183.94150000000002,975.0485,271.9735,2.8985,13.4495,21.439,7.9795,11.188500000000001,5.5565
400327501,2011,SSP245,57.86,74.8875,0.24100000000000002,1409.104,175.7935,435.387,19.1845,-15.511,185.1885,976.9815,272.3565,2.9315,13.5005,21.421,7.9505,11.1015,5.5335
400327501,2012,SSP245,58.5,76.4525,0.263,1417.912,176.6105,435.581,19.1635,-15.433,186.43550000000002,978.9145,272.73949999999996,2.9645,13.5515,21.403,7.9215,11.0145,5.5104999999999995
400327501,2013,SSP245,59.14,78.01750000000001,0.285,1426.72,177.4275,435.775,19.1425,-15.355,187.6825,980.8475,273.1225,2.9975,13.602500000000001,21.384999999999998,7.8925,10.9275,5.4875
400327501,2014,SSP245,59.78,79.58250000000001,0.307,1435.528,178.2445,435.969,19.1215,-15.277,188.92950000000002,982.7805,273.5055,3.0305,13.653500000000001,21.367,7.8635,10.8405,5.4645
400327501,2015,SSP245,60.42,81.14750000000001,0.329,1444.336,179.0615,436.163,19.1005,-15.199,190.1765,984.7135,273.88849999999996,3.0635,13.704500000000001,21.349,7.8345,10.7535,5.4415
400327501,2016,SSP245,60.674,82.62650000000001,0.3436666666666666,1452.0965,179.6465,437.227,19.108,-15.127,191.053,986.788,274.6765,3.1015,13.7485,21.358999999999998,7.843,10.711,5.436999999999999
400327501,2017,SSP245,60.542,84.01950000000001,0.351,1458.8095,179.9995,439.161,19.144,-15.061,191.55900000000003,989.0039999999999,275.86949999999996,3.1445,13.7855,21.397,7.889,10.713000000000001,5.451
400327501,2018,SSP245,60.410000000000004,85.41250000000001,0.35833333333333334,1465.5225,180.3525,441.095,19.18,-14.995000000000001,192.065,991.22,277.0625,3.1875,13.8225,21.435,7.9350000000000005,10.715,5.465
400327501,2019,SSP245,60.278,86.80550000000001,0.36566666666666664,1472.2355,180.7055,443.029,19.216,-14.929,192.571,993.4359999999999,278.2555,3.2305,13.8595,21.473,7.981,10.717,5.479
400327501,2020,SSP245,60.146,88.19850000000001,0.373,1478.9485,181.0585,444.963,19.252,-14.863,193.077,995.652,279.44849999999997,3.2735,13.8965,21.511,8.027,10.719000000000001,5.493
400327501,2021,SSP245,60.014,89.5915,0.38033333333333336,1485.6615,181.4115,446.897,19.288,-14.797,193.58300000000003,997.868,280.6415,3.3165,13.9335,21.549,8.073,10.721,5.507
400327501,2022,SSP245,59.882000000000005,90.9845,0.38766666666666666,1492.3745,181.7645,448.831,19.323999999999998,-14.731,194.089,1000.0840000000001,281.8345,3.3594999999999997,13.9705,21.587,8.119,10.723,5.521
400327501,2023,SSP245,59.75,92.3775,0.395,1499.0874999999999,182.1175,450.765,19.36,-14.665,194.59500000000003,1002.3,283.0275,3.4025,14.0075,21.625,8.165,10.725000000000001,5.535
400327501,2024,SSP245,59.618,93.7705,0.4023333333333334,1505.8004999999998,182.4705,452.699,19.396,-14.599,195.101,1004.5160000000001,284.2205,3.4455,14.0445,21.663,8.211,10.727,5.549
400327501,2025,SSP245,59.486000000000004,95.1635,0.4096666666666667,1512.5134999999998,182.8235,454.63300000000004,19.432,-14.533,195.60700000000003,1006.732,285.4135,3.4884999999999997,14.0815,21.701,8.257,10.729000000000001,5.563000000000001
400327501,2026,SSP245,59.6715,95.3415,0.4098333333333333,1519.7424999999998,183.1845,455.51250000000005,19.47,-14.462,196.34050000000002,1008.253,285.828,3.5309999999999997,14.126999999999999,21.741,8.2995,10.731,5.5745000000000005
400327501,2027,SSP245,60.1745,94.3045,0.4028333333333333,1527.4875,183.55349999999999,455.33750000000003,19.509999999999998,-14.386,197.3015,1009.0790000000001,285.464,3.573,14.181,21.782999999999998,8.3385,10.733,5.5835
400327501,2028,SSP245,60.6775,93.2675,0.3958333333333333,1535.2324999999998,183.9225,455.1625,19.55,-14.31,198.26250000000002,1009.905,285.1,3.6149999999999998,14.235,21.825,8.3775,10.735,5.5925
400327501,2029,SSP245,61.1805,92.23049999999999,0.38883333333333336,1542.9775,184.29149999999998,454.9875,19.59,-14.234,199.2235,1010.731,284.736,3.657,14.289,21.867,8.4165,10.737,5.601500000000001
400327501,2030,SSP245,61.6835,91.1935,0.3818333333333333,1550.7224999999999,184.6605,454.8125,19.63,-14.158,200.1845,1011.557,284.372,3.699,14.343,21.909,8.455499999999999,10.739,5.6105
400327501,2031,SSP245,62.1865,90.1565,0.37483333333333335,1558.4675,185.02949999999998,454.63750000000005,19.67,-14.082,201.1455,1012.383,284.008,3.741,14.397,21.951,8.4945,10.741,5.6195
400327501,2032,SSP245,62.6895,89.1195,0.3678333333333333,1566.2124999999999,185.3985,454.46250000000003,19.71,-14.006,202.1065,1013.2090000000001,283.644,3.783,14.451,21.993,8.5335,10.743,5.6285
400327501,2033,SSP245,63.1925,88.0825,0.36083333333333334,1573.9575,185.76749999999998,454.2875,19.75,-13.93,203.0675,1014.0350000000001,283.28,3.825,14.505,22.035,8.5725,10.745000000000001,5.6375
400327501,2034,SSP245,63.6955,87.04549999999999,0.3538333333333334,1581.7024999999999,186.1365,454.1125,19.790000000000003,-13.854000000000001,204.0285,1014.861,282.916,3.867,14.559000000000001,22.077,8.6115,10.747,5.6465000000000005
400327501,2035,SSP245,64.1985,86.0085,0.3468333333333333,1589.4475,186.50549999999998,453.9375,19.830000000000002,-13.778,204.9895,1015.687,282.552,3.9090000000000003,14.613000000000001,22.119,8.6505,10.749,5.6555
400327501,2036,SSP245,64.327,84.863,0.33916666666666667,1597.84,186.8075,454.1195,19.8775,-13.7125,205.4815,1016.784,282.5335,3.9555000000000002,14.657,22.159,8.6955,10.768,5.675
400327501,2037,SSP245,64.081,83.609,0.33083333333333337,1606.8799999999999,187.0425,454.6585,19.9325,-13.6575,205.5045,1018.152,282.8605,4.0065,14.691,22.197,8.7465,10.804,5.705
400327501,2038,SSP245,63.835,82.35499999999999,0.3225,1615.92,187.2775,455.1975,19.9875,-13.6025,205.5275,1019.52,283.1875,4.0575,14.725000000000001,22.235,8.7975,10.84,5.735
400327501,2039,SSP245,63.589000000000006,81.101,0.31416666666666665,1624.96,187.5125,455.73650000000004,20.0425,-13.5475,205.5505,1020.888,283.5145,4.1085,14.759,22.273,8.8485,10.876,5.765
400327501,2040,SSP245,63.343,79.847,0.30583333333333335,1634,187.7475,456.2755,20.0975,-13.4925,205.5735,1022.256,283.8415,4.1595,14.793000000000001,22.311,8.8995,10.911999999999999,5.795
400327501,2041,SSP245,63.097,78.593,0.29750000000000004,1643.04,187.9825,456.8145,20.1525,-13.4375,205.5965,1023.624,284.1685,4.210500000000001,14.827,22.349,8.9505,10.948,5.825
400327501,2042,SSP245,62.851,77.339,0.2891666666666667,1652.08,188.2175,457.3535,20.2075,-13.3825,205.6195,1024.992,284.4955,4.261500000000001,14.861,22.387,9.0015,10.984,5.855
400327501,2043,SSP245,62.605000000000004,76.08500000000001,0.2808333333333333,1661.12,188.4525,457.89250000000004,20.2625,-13.3275,205.64249999999998,1026.36,284.8225,4.3125,14.895,22.425,9.0525,11.02,5.885
400327501,2044,SSP245,62.359,74.831,0.2725,1670.16,188.6875,458.4315,20.3175,-13.272499999999999,205.66549999999998,1027.728,285.1495,4.3635,14.929,22.463,9.1035,11.056,5.915
400327501,2045,SSP245,62.113,73.577,0.26416666666666666,1679.2,188.92249999999999,458.9705,20.3725,-13.2175,205.68849999999998,1029.096,285.4765,4.4145,14.963000000000001,22.501,9.1545,11.091999999999999,5.945
400413001,1991,SSP245,24.71,112.55,0.35000000000000003,1105.83,145.19,495.75,18.48,-19.59,166.88,1023.96,301.77,0.69,11.55,20.8,7.11,12.67,5.43
400413001,1992,SSP245,24.71,112.55,0.35000000000000003,1105.83,145.19,495.75,18.48,-19.59,166.88,1023.96,301.77,0.69,11.55,20.8,7.11,12.67,5.43
400413001,1993,SSP245,24.71,112.55,0.35000000000000003,1105.83,145.19,495.75,18.48,-19.59,166.88,1023.96,301.77,0.69,11.55,20.8,7.11,12.67,5.43
400413001,1994,SSP245,24.71,112.55,0.35000000000000003,1105.83,145.19,495.75,18.48,-19.59,166.88,1023.96,301.77,0.69,11.55,20.8,7.11,12.67,5.43
400413001,1995,SSP245,24.71,112.55,0.35000000000000003,1105.83,145.19,495.75,18.48,-19.59,166.88,1023.96,301.77,0.69,11.55,20.8,7.11,12.67,5.43
400413001,1996,SSP245,24.71,112.55,0.35000000000000003,1105.83,145.19,495.75,18.48,-19.59,166.88,1023.96,301.77,0.69,11.55,20.8,7.11,12.67,5.43
400413001,1997,SSP245,24.71,112.55,0.35000000000000003,1105.83,145.19,495.75,18.48,-19.59,166.88,1023.96,301.77,0.69,11.55,20.8,7.11,12.67,5.43
400413001,1998,SSP245,24.71,112.55,0.35000000000000003,1105.83,145.19,495.75,18.48,-19.59,166.88,1023.96,301.77,0.69,11.55,20.8,7.11,12.67,5.43
400413001,1999,SSP245,24.71,112.55,0.35000000000000003,1105.83,145.19,495.75,18.48,-19.59,166.88,1023.96,301.77,0.69,11.55,20.8,7.11,12.67,5.43
400413001,2000,SSP245,24.71,112.55,0.35000000000000003,1105.83,145.19,495.75,18.48,-19.59,166.88,1023.96,301.77,0.69,11.55,20.8,7.11,12.67,5.43
400413001,2001,SSP245,24.71,112.55,0.35000000000000003,1105.83,145.19,495.75,18.48,-19.59,166.88,1023.96,301.77,0.69,11.55,20.8,7.11,12.67,5.43
400413001,2002,SSP245,24.71,112.55,0.35000000000000003,1105.83,145.19,495.75,18.48,-19.59,166.88,1023.96,301.77,0.69,11.55,20.8,7.11,12.67,5.43
400413001,2003,SSP245,24.71,112.55,0.35000000000000003,1105.83,145.19,495.75,18.48,-19.59,166.88,1023.96,301.77,0.69,11.55,20.8,7.11,12.67,5.43
400413001,2004,SSP245,24.71,112.55,0.35000000000000003,1105.83,145.19,495.75,18.48,-19.59,166.88,1023.96,301.77,0.69,11.55,20.8,7.11,12.67,5.43
400413001,2005,SSP245,24.71,112.55,0.35000000000000003,1105.83,145.19,495.75,18.48,-19.59,166.88,1023.96,301.77,0.69,11.55,20.8,7.11,12.67,5.43
400413001,2006,SSP245,24.933500000000002,113.5205,0.3678333333333334,1108.1419999999998,145.5,495.197,18.451,-19.5735,168.2125,1024.7565,302.178,0.691,11.572000000000001,20.7695,7.0615000000000006,12.604,5.404999999999999
400413001,2007,SSP245,25.3805,115.4615,0.4035,1112.7659999999998,146.12,494.091,18.393,-19.5405,170.8775,1026.3495,302.99399999999997,0.693,11.616000000000001,20.7085,6.9645,12.472,5.3549999999999995
400413001,2008,SSP245,25.8275,117.4025,0.4391666666666667,1117.3899999999999,146.74,492.985,18.335,-19.5075,173.5425,1027.9425,303.81,0.695,11.66,20.6475,6.8675,12.34,5.305
400413001,2009,SSP245,26.2745,119.3435,0.4748333333333334,1122.014,147.35999999999999,491.879,18.277,-19.4745,176.20749999999998,1029.5355,304.626,0.697,11.704,20.5865,6.7705,12.208,5.255
400413001,2010,SSP245,26.7215,121.28450000000001,0.5105000000000001,1126.638,147.98,490.773,18.219,-19.4415,178.8725,1031.1285,305.442,0.699,11.748000000000001,20.5255,6.6735,12.076,5.205
400413001,2011,SSP245,27.1685,123.22550000000001,0.5461666666666667,1131.262,148.6,489.667,18.160999999999998,-19.4085,181.5375,1032.7215,306.258,0.701,11.792,20.4645,6.5765,11.943999999999999,5.154999999999999
400413001,2012,SSP245,27.6155,125.1665,0.5818333333333334,1135.886,149.22,488.561,18.102999999999998,-19.375500000000002,184.2025,1034.3145000000002,307.074,0.703,11.836,20.4035,6.4795,11.812,5.1049999999999995
400413001,2013,SSP245,28.0625,127.1075,0.6175,1140.51,149.83999999999997,487.455,18.044999999999998,-19.3425,186.8675,1035.9075,307.89,0.705,11.88,20.3425,6.3825,11.68,5.055
400413001,2014,SSP245,28.5095,129.0485,0.6531666666666667,1145.134,150.45999999999998,486.349,17.987,-19.3095,189.5325,1037.5005,308.706,0.707,11.924,20.2815,6.2855,11.548,5.005
400413001,2015,SSP245,28.9565,130.98950000000002,0.6888333333333333,1149.758,151.07999999999998,485.243,17.929,-19.276500000000002,192.1975,1039.0935000000002,309.522,0.709,11.968,20.2205,6.1884999999999994,11.416,4.955
400413001,2016,SSP245,29.226,132.752,0.7098333333333334,1154.925,151.5125,485.6285,17.923499999999997,-19.2265,193.7645,1041.0980000000002,310.482,0.7314999999999999,12.01,20.2115,6.1635,11.3555,4.933
400413001,2017,SSP245,29.318,134.336,0.7161666666666667,1160.635,151.7575,487.5055,17.970499999999998,-19.1595,194.2335,1043.5140000000001,311.586,0.7745,12.05,20.2545,6.2105,11.3665,4.939
400413001,2018,SSP245,29.41,135.92000000000002,0.7225,1166.345,152.0025,489.3825,18.0175,-19.0925,194.7025,1045.93,312.69,0.8174999999999999,12.09,20.2975,6.2575,11.3775,4.945
400413001,2019,SSP245,29.502,137.50400000000002,0.7288333333333333,1172.055,152.2475,491.2595,18.0645,-19.0255,195.1715,1048.346,313.79400000000004,0.8604999999999999,12.13,20.340500000000002,6.3045,11.3885,4.951
400413001,2020,SSP245,29.594,139.08800000000002,0.7351666666666667,1177.765,152.4925,493.1365,18.1115,-18.9585,195.6405,1050.762,314.898,0.9035,12.17,20.3835,6.3515,11.3995,4.957
400413001,2021,SSP245,29.686,140.67200000000003,0.7414999999999999,1183.475,152.73749999999998,495.01349999999996,18.1585,-18.8915,196.1095,1053.178,316.002,0.9464999999999999,12.21,20.4265,6.3985,11.4105,4.963
400413001,2022,SSP245,29.778000000000002,142.256,0.74783333333333335,1189.185,152.9825,496.8905,18.2055,-18.8245,196.5785,1055.594,317.106,0.9894999999999999,12.25,20.4695,6.4455,11.4215,4.969
400413001,2023,SSP245,29.87,143.84,0.7541666666666668,1194.895,153.2275,498.7675,18.2525,-18.7575,197.0475,1058.01,318.21000000000004,1.0325,12.290000000000001,20.512500000000003,6.4925,11.432500000000001,4.975
400413001,2024,SSP245,29.962,145.424,0.7605,1200.605,153.4725,500.6445,18.299500000000002,-18.6905,197.5165,1060.426,319.314,1.0755,12.33,20.555500000000002,6.5395,11.4435,4.981
400413001,2025,SSP245,30.054000000000002,147.008,0.7668333333333334,1206.315,153.7175,502.5215,18.346500000000002,-18.6235,197.9855,1062.8419999999999,320.418,1.1184999999999998,12.370000000000001,20.5985,6.5865,11.454500000000001,4.987
400413001,2026,SSP245,30.241500000000002,147.2375,0.769,1212.517,154.0525,503.35999999999996,18.388,-18.552,198.6755,1064.1409999999998,320.88550000000004,1.162,12.415000000000001,20.6365,6.628500000000001,11.4625,4.997
400413001,2027,SSP245,30.5245,146.1125,0.767,1219.211,154.4775,503.15999999999997,18.424,-18.476,199.5865,1064.3229999999999,320.7165,1.206,12.465,20.6695,6.665500000000001,11.467500000000001,5.011
400413001,2028,SSP245,30.8075,144.9875,0.765,1225.905,154.9025,502.96,18.46,-18.4,200.4975,1064.5049999999999,320.5475,1.25,12.515,20.7025,6.702500000000001,11.4725,5.025
400413001,2029,SSP245,31.090500000000002,143.8625,0.763,1232.599,155.32750000000001,502.76,18.496000000000002,-18.323999999999998,201.4085,1064.687,320.37850000000003,1.294,12.565000000000001,20.735500000000002,6.7395000000000005,11.477500000000001,5.039
400413001,2030,SSP245,31.3735,142.7375,0.761,1239.293,155.7525,502.56,18.532,-18.247999999999998,202.3195,1064.869,320.2095,1.338,12.615,20.7685,6.7765,11.4825,5.053
400413001,2031,SSP245,31.6565,141.6125,0.759,1245.987,156.1775,502.35999999999996,18.568,-18.172,203.2305,1065.051,320.0405,1.3820000000000001,12.665000000000001,20.8015,6.8135,11.4875,5.067
400413001,2032,SSP245,31.9395,140.4875,0.757,1252.681,156.6025,502.15999999999997,18.604,-18.096,204.1415,1065.233,319.87149999999997,1.4260000000000002,12.715,20.8345,6.8505,11.4925,5.081
400413001,2033,SSP245,32.2225,139.3625,0.755,1259.375,157.0275,501.96,18.64,-18.02,205.0525,1065.415,319.7025,1.47,12.765,20.8675,6.8875,11.4975,5.095
400413001,2034,SSP245,32.5055,138.2375,0.753,1266.069,157.45250000000001,501.76,18.676000000000002,-17.944,205.9635,1065.597,319.5335,1.514,12.815000000000001,20.9005,6.9245,11.5025,5.109
400413001,2035,SSP245,32.7885,137.1125,0.751,1272.763,157.8775,501.56,18.712,-17.868,206.8745,1065.779,319.36449999999996,1.558,12.865,20.9335,6.9615,11.5075,5.123
400413001,2036,SSP245,32.791,135.77550000000002,0.7428333333333333,1280.455,158.224,501.7215,18.7555,-17.808999999999997,207.4015,1066.475,319.41799999999995,1.6045,12.9105,20.9745,7.006,11.528,5.14
400413001,2037,SSP245,32.513,134.22650000000002,0.7285,1289.145,158.49200000000002,502.24449999999996,18.8065,-17.767,207.5445,1067.685,319.69399999999996,1.6535,12.951500000000001,21.0235,7.058000000000001,11.564,5.16
400413001,2038,SSP245,32.235,132.6775,0.7141666666666667,1297.835,158.76,502.7675,18.8575,-17.724999999999998,207.6875,1068.895,319.96999999999997,1.7025000000000001,12.9925,21.072499999999998,7.11,11.6,5.18
400413001,2039,SSP245,31.957,131.1285,0.6998333333333333,1306.5249999999999,159.028,503.2905,18.9085,-17.683,207.8305,1070.105,320.246,1.7515,13.0335,21.1215,7.162,11.636,5.2
400413001,2040,SSP245,31.679,129.5795,0.6855000000000001,1315.215,159.296,503.8135,18.9595,-17.641,207.9735,1071.315,320.522,1.8005,13.0745,21.1705,7.214,11.671999999999999,5.22
400413001,2041,SSP245,31.401,128.03050000000002,0.6711666666666667,1323.905,159.56400000000002,504.3365,19.0105,-17.599,208.1165,1072.5249999999999,320.798,1.8495,13.1155,21.2195,7.266,11.708,5.24
400413001,2042,SSP245,31.122999999999998,126.48150000000001,0.6568333333333333,1332.595,159.832,504.85949999999997,19.0615,-17.557,208.2595,1073.735,321.074,1.8984999999999999,13.156500000000001,21.2685,7.3180000000000005,11.744,5.26
400413001,2043,SSP245,30.845,124.9325,0.6425,1341.2849999999999,160.10000000000002,505.3825,19.112499999999997,-17.515,208.4025,1074.945,321.35,1.9474999999999998,13.197500000000002,21.317500000000003,7.37,11.78,5.28
400413001,2044,SSP245,30.567,123.3835,0.6281666666666667,1349.975,160.368,505.9055,19.1635,-17.473,208.5455,1076.155,321.62600000000003,1.9965,13.2385,21.366500000000002,7.422,11.815999999999999,5.3
400413001,2045,SSP245,30.288999999999998,121.8345,0.6138333333333333,1358.665,160.63600000000002,506.4285,19.214499999999997,-17.431,208.6885,1077.365,321.90200000000004,2.0454999999999997,13.2795,21.4155,7.474,11.851999999999999,5.32
