AnneeMoy;EvolClim;ssp;CO2
2020;0;;417.4109119
2025;0;;417.4109119
2030;0;;417.4109119
2035;0;;417.4109119
2040;0;;417.4109119
2045;0;;417.4109119
2050;0;;417.4109119
2055;0;;417.4109119
2060;0;;417.4109119
2065;0;;417.4109119
2070;0;;417.4109119
2075;0;;417.4109119
2080;0;;417.4109119
2085;0;;417.4109119
2090;0;;417.4109119
2095;0;;417.4109119
2100;0;;417.4109119
2020;1;SSP370;417.4109119
2025;1;SSP370;434.8359584
2030;1;SSP370;453.8828376
2035;1;SSP370;474.4251223
2040;1;SSP370;496.271844
2045;1;SSP370;519.4447675
2050;1;SSP370;543.8898999
2055;1;SSP370;569.6427709
2060;1;SSP370;596.7278773
2065;1;SSP370;625.2431906
2070;1;SSP370;655.2386141
2075;1;SSP370;686.7780184
2080;1;SSP370;719.9001827
2085;1;SSP370;754.7842479
2090;1;SSP370;791.6371864
2095;1;SSP370;830.5364086
2100;1;SSP370;871.5997275
2020;1;SSP585;417.0602389
2025;1;SSP585;434.3011137
2030;1;SSP585;454.2929835
2035;1;SSP585;477.2887233
2040;1;SSP585;503.5977462
2045;1;SSP585;533.473656
2050;1;SSP585;567.2356272
2055;1;SSP585;605.4020449
2060;1;SSP585;648.5363286
2065;1;SSP585;696.7060718
2070;1;SSP585;750.0967354
2075;1;SSP585;808.488918
2080;1;SSP585;871.5192231
2085;1;SSP585;937.8646664
2090;1;SSP585;1005.546844
2095;1;SSP585;1073.988767
2100;1;SSP585;1142.254932
2020;1;SSP245;416.4517676
2025;1;SSP245;431.180394
2030;1;SSP245;446.3806284
2035;1;SSP245;461.9320083
2040;1;SSP245;477.6567792
2045;1;SSP245;493.4952604
2050;1;SSP245;509.2428676
2055;1;SSP245;524.6615545
2060;1;SSP245;539.3846828
2065;1;SSP245;553.2225053
2070;1;SSP245;565.9882008
2075;1;SSP245;577.3323747
2080;1;SSP245;586.7398926
2085;1;SSP245;594.0119983
2090;1;SSP245;598.8758295
2095;1;SSP245;601.8546386
2100;1;SSP245;603.5843938
