Essence;Variable;Model;Moyenne;EcartType;Minimum;Maximum;MinimumSTD;MaximumSTD;Quant025;Quant975;Quant025STD;Quant975STD;Quant05;Quant95
PEB;TMoy;Mort_CANEU;4.308384;1.579392;-0.4818182;10.5375;-3.032940651;3.943996171;1.171429;7.25;-1.986178859;1.862498987;;
PEB;PTot;Mort_CANEU;789.8199;164.3715;467;1632;-1.963965164;5.123638222;578.0597;1189.68;-1.288302413;2.432660771;;
CHR;DD;Mort_CANEU;2443.832;607.8418;1458.083;5320.44;-1.621719665;4.732494541;1729.833;3964.771;-1.1746461;2.502195473;;
CHR;PUtile;Mort_CANEU;320.3535;61.00738;149.2833;920.7;-2.804090259;9.840555356;208.64;440.58;-1.831147314;1.970687809;;
ERS;logPTot;Mort_CANEU;6.939388;0.2185948;6.228018;7.689763;-3.254286012;3.432721181;6.537054;7.327824;-1.840546985;1.776968162;;
ERS;TMoy;Mort_CANEU;6.466371;3.00524;0.5333333;16.975;-1.97423091;3.496768644;2.45;14;-1.33645599;2.506831068;;
FRN;DD;Mort_CANEU;1896.924;215.1318;1228.877;3654.75;-3.105291733;8.170925916;1485.733;2357.483;-1.91134458;2.14082251;;
HEG;DD;Mort_CANEU;1863.818;247.9099;1236.015;3258.988;-2.532383741;5.627730075;1490.029;2411.846;-1.507761489;2.210593445;;
HEG;TotalVPD;Mort_CANEU;13.29269;1.516079;6.935486;20.93326;-4.193187822;5.039691203;9.930243;15.867722;-2.217857381;1.698481412;;
OSV;TMoy;Mort_CANEU;7.93442;3.787065;1.522222;19.9667;-1.693184036;3.177204511;3.39025;18.3;-1.199918671;2.737101159;;
OSV;TotalVPD;Mort_CANEU;14.64478;2.001691;7.087857;22.96262;-3.77526951;4.155406604;11.17948;19.3054;-1.731186282;2.328341387;;
PEG;PTot;Mort_CANEU;942.5568;195.9263;484.1667;1712.42;-2.339604739;3.929350986;670.5833;1417.4167;-1.388141868;2.42366594;;
PIB;PUtile;Mort_CANEU;312.611;61.12813;147.3429;950.6;-2.703634153;10.43691341;204.4167;426.9;-1.769959264;1.869662952;;
PIB;TMoy;Mort_CANEU;7.705083;2.60846;0.8714286;16;-2.619804176;3.180005444;3.109365;14.2;-1.761851054;2.489943108;;
PRU;TMoy;Mort_CANEU;7.466884;2.207824;1.608333;15.98889;-2.653540771;3.859911841;4.16;13.53333;-1.497802361;2.747703621;;
PRU;TotalVPD;Mort_CANEU;14.01769;1.592831;6.031733;20.62078;-5.013687579;4.145505707;10.76632;17.07877;-2.041252336;1.921785802;;
THO;logPTot;Mort_CANEU;6.764033;0.1991497;6.253476;7.42763;-2.563684505;3.332151643;6.45349;7.166513;-1.559344553;2.020992249;;
THO;TotalVPD;Mort_CANEU;13.58368;1.885541;5.287788;18.86658;-4.399740976;2.801795347;9.410267;16.772871;-2.213376957;1.69139308;;
TIL;PUtile;Mort_CANEU;299.0912;56.62144;152.2667;772.05;-2.593090179;8.35299844;201.6167;415.3367;-1.721512205;2.053029736;;
BOJ;PTot;Mort_CANEU;1167.64;244.2054;560.0667;2278.5;-2.487960135;4.54887566;740.1833;1653.975;-1.75039823;1.991499778;;
BOJ;DD;Mort_CANEU;1776.537;302.2454;891.8462;4033.025;-2.927061256;7.465748031;1295.271;2543.767;-1.592302149;2.538434001;;
ERR;TMoy;Mort_CANEU;7.94305;3.491031;0.2777778;20.7;-2.195704421;3.654207024;2.71127;16.33967;-1.498634644;2.405197777;;
ERR;PTot;Mort_CANEU;1137.628;240.1219;475.633;2713.3;-2.756912218;6.561967068;715.5;1569.987;-1.757973762;1.800581288;;
EPB;DD;Mort_CANEU;1598.914;284.4899;655.2357;2993.1;-3.317088937;4.900652009;1009.492;2112.936;-2.071855627;1.806819855;;
EPB;PUtile;Mort_CANEU;288.8394;49.93568;138.18;500.175;-3.017069158;4.232156246;194.2385;392.3733;-1.894455027;2.073345151;;
MEL;TMoy;Mort_CANEU;4.734605;1.721532;-4.233333;11.52;-5.20927755;3.94148642;1.142857;7.814286;-2.086367259;1.788918823;;
MEL;TotalVPD;Mort_CANEU;13.82485;1.954929;4.636614;18.76289;-4.700035653;2.525943397;8.313443;16.59022;-2.819236402;1.414562882;;
PIG;TMoy;Mort_CANEU;2.810512;2.257434;-2.75;10.82;-2.463200253;3.548049688;-1.215385;7.566667;-1.783395218;2.106885517;;
PIG;PTot;Mort_CANEU;825.5302;103.7877;484.1667;1506.183;-3.289055447;6.558125867;652.7177;1023.544;-1.665057613;1.907873476;;
BOP;DD;Mort_CANEU;1597.886;304.5967;695.6143;2951.4;-2.962184751;4.443626605;1004.873;2254.243;-1.946879267;2.154839498;;
BOP;PUtile;Mort_CANEU;300.3079;54.57027;138.18;552.675;-2.97099318;4.624626193;204.6425;426.0667;-1.753068108;2.304529554;;
PET;TMoy;Mort_CANEU;4.438905;1.873521;-3.307143;14.41429;-4.134486883;5.324405224;0.9545455;8.1714286;-1.859792071;1.992250741;;
PET;PUtile;Mort_CANEU;281.1604;45.20707;147.58;521.3286;-2.954856397;5.312624773;201.5143;375.5429;-1.761806284;2.087781845;;
EPN;TMoy;Mort_CANEU;1.251442;2.479258;-4.311111;9.26;-2.243636201;3.23022372;-2.878571;7.315238;-1.665826227;2.445810803;;
EPN;PUtile;Mort_CANEU;294.5852;34.15595;148.26;513.7571;-4.284032504;6.416800001;225.9;365.6667;-2.010929282;2.081086897;;
SAB;DD;Mort_CANEU;1490.195;337.0744;617.6643;2601.186;-2.588540393;3.29598154;813.9643;2047.2333;-2.006176381;1.652567801;;
SAB;PTot;Mort_CANEU;1095.993;212.2836;502.05;1902.317;-2.797875107;3.798333927;739.1167;1549.233;-1.681129866;2.135068371;;
EPR;TMoy;Mort_CANEU;5.720482;1.575432;-1.35;11.42222;-4.487963936;3.619158428;2.428571;8.157143;-2.089529094;1.546662122;;
EPR;TotalVPD;Mort_CANEU;12.11778;1.90468;4.990833;17.23094;-3.741808073;2.684524435;7.802471;15.204557;-2.265634647;1.620627612;;
SAB;DD;Acc_QUE;1274;291.7674071;607;2318;-2.286067545;3.578192679;782.0542;1834.737;-1.686088946;1.921863054;;
SAB;CMIcm;Acc_QUE;2.19;1.776;-2.7;51.72;-2.753378378;27.88851351;-0.91029988;5.7598674;-1.745664347;2.010060473;;
ERR;DD;Acc_QUE;1639;246.861454;1048;2319;-2.394055412;2.754581523;1238.8812;2171.25;-1.620823314;2.15606767;;
ERR;CMIcm;Acc_QUE;1.22;1.6413946;-2.71;51.72;-2.394305428;30.76652013;-1.6170244;4.4487933;-1.728423135;1.967103645;;
ERA;UtilVPD;Acc_QUE;8.4;0.439030429;4.9;9.4;-7.972112566;2.277746448;7.979125;9.371656;-0.958646536;2.213186002;;
ERS;DD;Acc_QUE;1601;182.9941228;1068;2356;-2.912661849;4.125815564;1274.8731;1985.537;-1.782171444;2.101362569;;
ERS;CMIcm;Acc_QUE;1.2;1.6424312;-2.66;6.9;-2.350174546;3.470465003;-1.51529501;4.9261732;-1.653216896;2.268693629;;
BOJ;CMIcm;Acc_QUE;1.4;1.6637161;-2.66;10.36;-2.440320196;5.385534227;-1.37099351;5.1820324;-1.665544686;2.273243855;;
BOP;DD;Acc_QUE;1352;212.3460209;692;2356;-3.108134531;4.728131922;893.7;1756.976;-2.158269781;1.907151348;;
BOP;UtilVPD;Acc_QUE;5.5;1.048548993;1.6;9.1;-3.719425631;3.433315967;3.4799;7.344928;-1.926567107;1.759505767;;
BOG;CMIcm;Acc_QUE;1.89;1.2665622;-1.31;6.07;-2.526524161;3.300272186;-0.35165546;4.232875;-1.769873963;1.849790717;;
HEG;UtilVPD;Acc_QUE;6.1;0.843072111;3.4;9;-3.202573024;3.439800655;4.744234;7.89221;-1.608125785;2.125808666;;
HEG;CMIcm;Acc_QUE;0.91;1.5373493;-2.59;7.12;-2.276645913;4.039420319;-1.47771925;4.5755411;-1.553140363;2.384325475;;
FRA;CMIcm;Acc_QUE;1.18;1.8912906;-2.71;6.44;-2.05679656;2.781169642;-2.50130408;4.8848695;-1.946450789;1.958910756;;
FRN;DD;Acc_QUE;1702;193.7441334;1212;2286;-2.529108838;3.014284819;1385.3194;2128.036;-1.634530008;2.198962067;;
MEL;DD;Acc_QUE;1439;320.5302308;646;2264;-2.474025611;2.573860188;770.8707;2085.167;-2.084450188;2.015931534;;
OSV;CMIcm;Acc_QUE;0.13;1.3636343;-2.7;5.12;-2.075336474;3.659338871;-1.78359821;3.712349;-1.403307478;2.627059909;;
EPB;DD;Acc_QUE;1371;253.624729;680;2149;-2.649583906;3.142438055;868.1333;1842.828;-1.907805686;1.93525293;;
EPB;CMIcm;Acc_QUE;1.54;1.6918406;-2.67;7.53;-2.488414098;3.540522671;-1.45350552;5.17917;-1.76937799;2.151012335;;
EPN;DD;Acc_QUE;1146;249.8652604;607;2160;-2.157162621;4.058187194;746.91;1607.336;-1.597220836;1.8463391;;
EPN;CMIcm;Acc_QUE;1.89;1.2989247;-2.43;7.53;-3.325827894;4.342053084;-0.36051356;4.5893782;-1.732597402;2.07816373;;
EPR;DD;Acc_QUE;1548;196.3702737;884;2264;-3.381367187;3.646173051;1243.17;2036.78;-1.55232253;2.489073274;;
PIG;DD;Acc_QUE;1286;170.6259963;765;2039;-3.053462024;4.413161044;919.3618;1608.436;-2.148782764;1.889723764;;
PIG;UtilVPD;Acc_QUE;5.9;0.652827948;3.5;8.5;-3.676313196;3.982672629;4.541166;7.131319;-2.081458069;1.886130953;;
PIR;DD;Acc_QUE;1720;233.5969346;1225;2316;-2.119034656;2.551403344;1413.8024;2316.117;-1.310794598;2.551904206;;
PIB;DD;Acc_QUE;1711;195.4288516;1029;2286;-3.489761079;2.942247244;1346.75;2127.638;-1.863849667;2.131916534;;
PEG;DD;Acc_QUE;1710;172.6619868;1216;2264;-2.861081406;3.208581172;1416.7368;2122.803;-1.698481556;2.390815765;;
PEG;CMIcm;Acc_QUE;0.33;1.6326215;-2.67;51.72;-1.837535522;31.47698349;-1.76827454;2.9018647;-1.285218001;1.575297581;;
PET;DD;Acc_QUE;1448;192.6190477;724;2307;-3.758714461;4.459579726;1125.5214;1887.269;-1.674178145;2.28050655;;
PET;CMIcm;Acc_QUE;1.12;1.223669;-2.67;6.43;-3.0972428;4.339408778;-1.3059906;3.8520065;-1.982554596;2.232635214;;
CET;DD;Acc_QUE;1821;139.9500146;1408;2306;-2.95105364;3.46552304;1539.8466;2091.208;-2.008955846;1.930746494;;
CHR;DD;Acc_QUE;1743;147.4421847;1222;2356;-3.533588444;4.157561835;1477;2050.362;-1.804096979;2.084627277;;
CHR;CMIcm;Acc_QUE;-0.24;1.1260553;-2.52;5.07;-2.024767345;4.71557658;-1.75181737;2.4749465;-1.342578264;2.41102413;;
THO;DD;Acc_QUE;1601;199.1202297;1069;2319;-2.671752643;3.60586165;1274.6688;2084.826;-1.638865124;2.42981841;;
THO;UtilVPD;Acc_QUE;6.3;0.929870473;2.6;9.1;-3.979048811;3.011172073;4.356155;8.242878;-2.090447064;2.089407134;;
PRU;DD;Acc_QUE;1835;187.6329147;1288;2356;-2.915266764;2.776698325;1516.5565;2194.878;-1.697162252;1.917989712;;
PRU;UtilVPD;Acc_QUE;6.9;0.781671482;4.9;9;-2.558619632;2.686550614;5.370696;8.396898;-1.956453619;1.914996305;;
BOP;CMI;Acc_GAM;-6;;-125;161;;;;;;;-79;116
EPB;CMI;Acc_GAM;-20;;-125;161;;;;;;;-92;95
EPN;CMI;Acc_GAM;7;;-125;161;;;;;;;-81;83
PET;CMI;Acc_GAM;-17;;-125;161;;;;;;;-94;60
PIG;CMI;Acc_GAM;6;;-125;161;;;;;;;-72;66
SAB;CMI;Acc_GAM;1;;-125;161;;;;;;;-86;145
BOP;Tmax_yr;Acc_GAM;7.6;;3.6;11;;;;;;;6.1;9.5
EPB;Tmax_yr;Acc_GAM;7.7;;3.6;11;;;;;;;5.9;10
EPN;Tmax_yr;Acc_GAM;6.6;;3.5;11;;;;;;;3.5;8.7
PET;Tmax_yr;Acc_GAM;7.8;;3.6;11;;;;;;;6.3;10.1
PIG;Tmax_yr;Acc_GAM;7;;3.6;11;;;;;;;4.5;9.2
SAB;Tmax_yr;Acc_GAM;7.4;;3.6;11;;;;;;;4.7;9.8
BOP;PAS;Acc_GAM;159;;NA;NA;;;;;;;128;236
EPB;PAS;Acc_GAM;171;;NA;NA;;;;;;;129;245
EPN;PAS;Acc_GAM;154;;NA;NA;;;;;;;113;222
PET;PAS;Acc_GAM;153;;NA;NA;;;;;;;114;215
PIG;PAS;Acc_GAM;144;;NA;NA;;;;;;;113;166
SAB;PAS;Acc_GAM;180;;NA;NA;;;;;;;131;251
BOP;TmaxUtil;Acc_BRT;;;20;27;;;;;;;;
EPB;TmaxUtil;Acc_BRT;;;16;28;;;;;;;;
EPN;TmaxUtil;Acc_BRT;;;16;28;;;;;;;;
PET;TmaxUtil;Acc_BRT;;;18;28;;;;;;;;
PIG;TmaxUtil;Acc_BRT;;;21;26;;;;;;;;
SAB;TmaxUtil;Acc_BRT;;;16;28;;;;;;;;
BOP;Min_WT;Acc_BRT;;;-32;-8;;;;;;;;
EPB;Min_WT;Acc_BRT;;;-32;-12;;;;;;;;
EPN;Min_WT;Acc_BRT;;;-32;-12;;;;;;;;
PET;Min_WT;Acc_BRT;;;-32;-12;;;;;;;;
PIG;Min_WT;Acc_BRT;;;-30;-15;;;;;;;;
SAB;Min_WT;Acc_BRT;;;-32;-8;;;;;;;;
BOP;FFP;Acc_BRT;;;85;155;;;;;;;;
EPB;FFP;Acc_BRT;;;40;160;;;;;;;;
EPN;FFP;Acc_BRT;;;50;160;;;;;;;;
PET;FFP;Acc_BRT;;;60;160;;;;;;;;
PIG;FFP;Acc_BRT;;;80;155;;;;;;;;
SAB;FFP;Acc_BRT;;;75;160;;;;;;;;
BOP;PUtile;Acc_BRT;;;250;650;;;;;;;;
EPB;PUtile;Acc_BRT;;;200;600;;;;;;;;
EPN;PUtile;Acc_BRT;;;250;650;;;;;;;;
PET;PUtile;Acc_BRT;;;200;600;;;;;;;;
PIG;PUtile;Acc_BRT;;;250;650;;;;;;;;
SAB;PUtile;Acc_BRT;;;300;700;;;;;;;;
BOP;PAS;Acc_BRT;;;50;600;;;;;;;;
EPB;PAS;Acc_BRT;;;50;500;;;;;;;;
EPN;PAS;Acc_BRT;;;50;600;;;;;;;;
PET;PAS;Acc_BRT;;;50;500;;;;;;;;
PIG;PAS;Acc_BRT;;;25;450;;;;;;;;
SAB;PAS;Acc_BRT;;;50;700;;;;;;;;
