Annee;PlacetteID;origTreeID;Espece;GrEspece;Etat;Nombre;DHPcm;Veg_Pot;Type_Eco;reg_eco;Altitude;PTot;TMoy;milieu;sdom_bio;hauteur_pred;vol_dm3
2024;P700200801;1;ERR;ERR;vivant;1;11.2;RS2;RS21;5c;481;825.5;2.8;1;5O;19.39793113;47.87237562
2024;P700200801;2;PET;PEU;vivant;1;11.3;RS2;RS21;5c;481;825.5;2.8;1;5O;22.87745991;68.7070026
2024;P700200801;3;PET;PEU;vivant;1;9.2;RS2;RS21;5c;481;825.5;2.8;1;5O;20.78224691;24.7339617
2024;P700200801;4;BOP;BOP;vivant;1;13.8;RS2;RS21;5c;481;825.5;2.8;1;5O;20.49502255;110.7074691
2024;P700200801;5;PET;PEU;vivant;1;16.5;RS2;RS21;5c;481;825.5;2.8;1;5O;26.8381374;226.8506612
2024;P700200801;6;PET;PEU;vivant;1;11.3;RS2;RS21;5c;481;825.5;2.8;1;5O;22.87745991;68.7070026
2024;P700200801;7;PET;PEU;vivant;1;13.3;RS2;RS21;5c;481;825.5;2.8;1;5O;24.57459733;120.8809474
2024;P700200801;8;BOP;BOP;vivant;1;13.1;RS2;RS21;5c;481;825.5;2.8;1;5O;20.07319958;94.16306021
2024;P700200801;9;PET;PEU;vivant;1;16.1;RS2;RS21;5c;481;825.5;2.8;1;5O;26.5807109;212.0385186
2024;P700200801;10;PET;PEU;vivant;1;12.4;RS2;RS21;5c;481;825.5;2.8;1;5O;23.84210732;96.11042789
2024;P700200801;11;PET;PEU;vivant;1;12.1;RS2;RS21;5c;481;825.5;2.8;1;5O;23.58696348;88.32739505
2024;P700200801;12;PET;PEU;vivant;1;9.6;RS2;RS21;5c;481;825.5;2.8;1;5O;21.21049262;32.30084821
2024;P700200801;13;PET;PEU;vivant;1;13.9;RS2;RS21;5c;481;825.5;2.8;1;5O;25.03732656;138.5987236
2024;P700200801;14;EPN;EPX;vivant;1;18.7;RS2;RS21;5c;481;825.5;2.8;1;5O;24.24433585;285.0733268
2024;P700200801;15;PET;PEU;vivant;1;10;RS2;RS21;5c;481;825.5;2.8;1;5O;21.62414888;40.2397621
2024;P700200801;16;BOP;BOP;vivant;1;9.9;RS2;RS21;5c;481;825.5;2.8;1;5O;17.8389333;31.40546845
2024;P700200801;17;PET;PEU;vivant;1;14.6;RS2;RS21;5c;481;825.5;2.8;1;5O;25.5533416;160.5086888
2024;P700200801;18;EPN;EPX;vivant;1;20.3;RS2;RS21;5c;481;825.5;2.8;1;5O;25.27388579;352.6818423
2024;P700200801;19;PET;PEU;vivant;1;10.6;RS2;RS21;5c;481;825.5;2.8;1;5O;22.21909972;52.86375307
2024;P700200801;20;PET;PEU;vivant;1;14.9;RS2;RS21;5c;481;825.5;2.8;1;5O;25.76707235;170.311899
2024;P700200801;22;PET;PEU;vivant;1;18.8;RS2;RS21;5c;481;825.5;2.8;1;5O;28.19976691;320.9436038
2024;P700200801;23;PET;PEU;vivant;1;12.7;RS2;RS21;5c;481;825.5;2.8;1;5O;24.09163037;104.1289907
2024;P700200801;24;BOP;BOP;vivant;1;10;RS2;RS21;5c;481;825.5;2.8;1;5O;17.91775196;33.06225457
2024;P700200801;25;BOP;BOP;vivant;1;11.2;RS2;RS21;5c;481;825.5;2.8;1;5O;18.81428044;54.4319839
2024;P700200801;26;EPN;EPX;vivant;1;15.7;RS2;RS21;5c;481;825.5;2.8;1;5O;22.09676763;176.9811583
2024;P700200801;27;EPN;EPX;vivant;1;16.6;RS2;RS21;5c;481;825.5;2.8;1;5O;22.77377978;206.8636317
2024;P700200801;28;EPN;EPX;vivant;1;17.6;RS2;RS21;5c;481;825.5;2.8;1;5O;23.49212769;242.619879
2024;P700200801;29;BOP;BOP;vivant;1;10.2;RS2;RS21;5c;481;825.5;2.8;1;5O;18.07339822;36.43205953
2024;P700200801;30;BOP;BOP;vivant;1;9.6;RS2;RS21;5c;481;825.5;2.8;1;5O;17.59836986;26.54625897
2024;P700200801;31;BOP;BOP;vivant;1;10.2;RS2;RS21;5c;481;825.5;2.8;1;5O;18.07339822;36.43205953
2024;P700200801;32;PET;PEU;vivant;1;12;RS2;RS21;5c;481;825.5;2.8;1;5O;23.50063048;85.78501393
2024;P700200801;33;PET;PEU;vivant;1;12.3;RS2;RS21;5c;481;825.5;2.8;1;5O;23.75769405;93.49001985
2024;P700200801;34;PET;PEU;vivant;1;9.1;RS2;RS21;5c;481;825.5;2.8;1;5O;20.67279927;22.89932142
2024;P700200801;35;BOJ;BOJ;vivant;1;25.4;RS2;RS21;5c;481;825.5;2.8;1;5O;38.90270626;850.2760193
2024;P700200801;36;PIG;PIG;vivant;1;19.5;RS2;RS21;5c;481;825.5;2.8;1;5O;35.71182219;459.6108154
2024;P700200801;37;BOP;BOP;vivant;1;10.3;RS2;RS21;5c;481;825.5;2.8;1;5O;18.15024584;38.1452897
2024;P700200801;38;PET;PEU;vivant;1;9.9;RS2;RS21;5c;481;825.5;2.8;1;5O;21.52205517;38.21968779
2024;P700200801;39;PET;PEU;vivant;1;15.2;RS2;RS21;5c;481;825.5;2.8;1;5O;25.97654957;180.3651544
2024;P700200801;40;PET;PEU;vivant;1;10.2;RS2;RS21;5c;481;825.5;2.8;1;5O;21.82577217;44.35136364
2034;P700200801;1;ERR;ERR;vivant;0.899498399;12.31733178;RS2;RS21;5c;481;856.1666667;3.3;1;5O;20.376645;69.56021218
2034;P700200801;2;PET;PEU;vivant;0.699621532;12.4883662;RS2;RS21;5c;481;856.1666667;3.3;1;5O;23.93621795;98.53024401
2034;P700200801;3;PET;PEU;vivant;0.567565521;10.15193288;RS2;RS21;5c;481;856.1666667;3.3;1;5O;21.79619606;43.39143905
2034;P700200801;4;BOP;BOP;vivant;0.877722596;15.05150342;RS2;RS21;5c;481;856.1666667;3.3;1;5O;21.15987637;142.6615121
2034;P700200801;5;PET;PEU;vivant;0.837290958;18.09125395;RS2;RS21;5c;481;856.1666667;3.3;1;5O;27.82317554;290.5527095
2034;P700200801;6;PET;PEU;vivant;0.699621532;12.4883662;RS2;RS21;5c;481;856.1666667;3.3;1;5O;23.93621795;98.53024401
2034;P700200801;7;PET;PEU;vivant;0.770501339;14.67003863;RS2;RS21;5c;481;856.1666667;3.3;1;5O;25.62481959;162.9097982
2034;P700200801;8;BOP;BOP;vivant;0.874606607;14.31796535;RS2;RS21;5c;481;856.1666667;3.3;1;5O;20.75399907;123.3905707
2034;P700200801;9;PET;PEU;vivant;0.830516408;17.66953835;RS2;RS21;5c;481;856.1666667;3.3;1;5O;27.57713079;273.0078285
2034;P700200801;10;PET;PEU;vivant;0.742301739;13.69361922;RS2;RS21;5c;481;856.1666667;3.3;1;5O;24.90105818;132.5046404
2034;P700200801;11;PET;PEU;vivant;0.729185831;13.37111174;RS2;RS21;5c;481;856.1666667;3.3;1;5O;24.65099607;123.0325595
2034;P700200801;12;PET;PEU;vivant;0.595189038;10.60536771;RS2;RS21;5c;481;856.1666667;3.3;1;5O;22.24317028;53.02563817
2034;P700200801;13;PET;PEU;vivant;0.787112668;15.31512474;RS2;RS21;5c;481;856.1666667;3.3;1;5O;26.07733721;184.4418498
2034;P700200801;14;EPN;EPX;vivant;0.91242358;20.10850919;RS2;RS21;5c;481;856.1666667;3.3;1;5O;25.21732405;345.084642
2034;P700200801;15;PET;PEU;vivant;0.625069611;11.05226053;RS2;RS21;5c;481;856.1666667;3.3;1;5O;22.66782055;63.01371995
2034;P700200801;16;BOP;BOP;vivant;0.849662983;10.93474732;RS2;RS21;5c;481;856.1666667;3.3;1;5O;18.58690291;49.3702788
2034;P700200801;17;PET;PEU;vivant;0.800852996;16.07529708;RS2;RS21;5c;481;856.1666667;3.3;1;5O;26.58644927;211.3123547
2034;P700200801;18;EPN;EPX;vivant;0.910004505;21.73853928;RS2;RS21;5c;481;856.1666667;3.3;1;5O;26.2048755;420.429925
2034;P700200801;19;PET;PEU;vivant;0.663468516;11.71742099;RS2;RS21;5c;481;856.1666667;3.3;1;5O;23.27268332;78.80650052
2034;P700200801;20;PET;PEU;vivant;0.807900991;16.39391044;RS2;RS21;5c;481;856.1666667;3.3;1;5O;26.79249772;223.060912
2034;P700200801;22;PET;PEU;vivant;0.865508065;20.51722447;RS2;RS21;5c;481;856.1666667;3.3;1;5O;29.12398039;401.5897295
2034;P700200801;23;PET;PEU;vivant;0.752186314;14.02025378;RS2;RS21;5c;481;856.1666667;3.3;1;5O;25.14861796;142.3853522
2034;P700200801;24;BOP;BOP;vivant;0.851115038;11.03839898;RS2;RS21;5c;481;856.1666667;3.3;1;5O;18.66178286;51.28992031
2034;P700200801;25;BOP;BOP;vivant;0.862403822;12.31733178;RS2;RS21;5c;481;856.1666667;3.3;1;5O;19.53777976;76.74445584
2034;P700200801;26;EPN;EPX;vivant;0.9206529;17.02299616;RS2;RS21;5c;481;856.1666667;3.3;1;5O;23.14144544;222.2318961
2034;P700200801;27;EPN;EPX;vivant;0.92032889;17.93160427;RS2;RS21;5c;481;856.1666667;3.3;1;5O;23.78355557;255.7247414
2034;P700200801;28;EPN;EPX;vivant;0.916628616;18.96789126;RS2;RS21;5c;481;856.1666667;3.3;1;5O;24.48359175;296.6568022
2034;P700200801;29;BOP;BOP;vivant;0.853699071;11.24750179;RS2;RS21;5c;481;856.1666667;3.3;1;5O;18.81098294;55.22698509
2034;P700200801;30;BOP;BOP;vivant;0.846164924;10.61190941;RS2;RS21;5c;481;856.1666667;3.3;1;5O;18.34964356;43.52569141
2034;P700200801;31;BOP;BOP;vivant;0.853699071;11.24750179;RS2;RS21;5c;481;856.1666667;3.3;1;5O;18.81098294;55.22698509
2034;P700200801;32;PET;PEU;vivant;0.723803361;13.2647363;RS2;RS21;5c;481;856.1666667;3.3;1;5O;24.56725401;119.9697723
2034;P700200801;33;PET;PEU;vivant;0.737128239;13.58815057;RS2;RS21;5c;481;856.1666667;3.3;1;5O;24.81990662;129.3760901
2034;P700200801;34;PET;PEU;vivant;0.559265204;10.03865119;RS2;RS21;5c;481;856.1666667;3.3;1;5O;21.6818727;41.06193397
2034;P700200801;35;BOJ;BOJ;vivant;0.930863642;26.75351642;RS2;RS21;5c;481;856.1666667;3.3;1;5O;39.48920857;954.0546634
2034;P700200801;36;PIG;PIG;vivant;0.931916247;20.62704211;RS2;RS21;5c;481;856.1666667;3.3;1;5O;36.41290442;526.1530699
2034;P700200801;37;BOP;BOP;vivant;0.854821414;11.35322675;RS2;RS21;5c;481;856.1666667;3.3;1;5O;18.88549204;57.25061776
2034;P700200801;38;PET;PEU;vivant;0.615547102;10.94272354;RS2;RS21;5c;481;856.1666667;3.3;1;5O;22.565141;60.51976336
2034;P700200801;39;PET;PEU;vivant;0.814658867;16.71129697;RS2;RS21;5c;481;856.1666667;3.3;1;5O;26.9936322;235.0517782
2034;P700200801;40;PET;PEU;vivant;0.641471424;11.27178028;RS2;RS21;5c;481;856.1666667;3.3;1;5O;22.8709311;68.10213538
2034;P700200801;41;NA;AUT;vivant;0.026056401;10.19496055;RS2;RS21;5c;481;856.1666667;3.3;1;5O;16.02141483;30.57504555
2034;P700200801;42;BOP;BOP;vivant;0.931280139;10.00872995;RS2;RS21;5c;481;856.1666667;3.3;1;5O;17.88914416;33.14208892
2034;P700200801;43;EPN;EPX;vivant;2.308890038;10.25508728;RS2;RS21;5c;481;856.1666667;3.3;1;5O;17.27401512;41.42394119
2034;P700200801;44;ERR;ERR;vivant;0.131898371;10.01465753;RS2;RS21;5c;481;856.1666667;3.3;1;5O;18.71991247;28.41127888
2034;P700200801;45;MEL;MEL;vivant;0.004498718;10.62236615;RS2;RS21;5c;481;856.1666667;3.3;1;5O;25.28513648;65.9157423
2034;P700200801;46;PEU;PEU;vivant;2.173464164;10.24797152;RS2;RS21;5c;481;856.1666667;3.3;1;5O;21.89227205;45.39045845
2034;P700200801;47;PIG;PIG;vivant;0.025650413;10.30598957;RS2;RS21;5c;481;856.1666667;3.3;1;5O;27.48164169;67.65802388
2034;P700200801;48;PIN;PIN;vivant;0.001936431;11.51159095;RS2;RS21;5c;481;856.1666667;3.3;1;5O;19.11127926;69.13773973
2034;P700200801;49;PRP;PRP;vivant;0.018713328;9.798770174;RS2;RS21;5c;481;856.1666667;3.3;1;5O;17.72328309;NA
2034;P700200801;50;SAB;SAB;vivant;2.471550921;10.09075808;RS2;RS21;5c;481;856.1666667;3.3;1;5O;16.50236192;36.4154604
2034;P700200801;51;SAL;SAL;vivant;0.007667842;9.922471713;RS2;RS21;5c;481;856.1666667;3.3;1;5O;17.82136329;NA
2034;P700200801;52;THO;THO;vivant;0.003890128;10.20327871;RS2;RS21;5c;481;856.1666667;3.3;1;5O;10.57166723;24.22678828
2034;P700200801;53;EPB;EPX;vivant;0.047120205;10.25508728;RS2;RS21;5c;481;856.1666667;3.3;1;5O;17.27401512;41.42394119
2044;P700200801;1;ERR;ERR;vivant;0.80731275;13.40629289;RS2;RS21;5c;481;887.9666667;3.766666667;1;5O;21.27041476;93.36356905
2044;P700200801;2;PET;PEU;vivant;0.484403983;13.62213843;RS2;RS21;5c;481;887.9666667;3.766666667;1;5O;24.85671974;130.4365961
2044;P700200801;3;PET;PEU;vivant;0.315641089;11.08558771;RS2;RS21;5c;481;887.9666667;3.766666667;1;5O;22.70872737;63.80611663
2044;P700200801;4;BOP;BOP;vivant;0.737727151;16.25106028;RS2;RS21;5c;481;887.9666667;3.766666667;1;5O;21.73993616;176.4022119
2044;P700200801;5;PET;PEU;vivant;0.69109132;19.55028926;RS2;RS21;5c;481;887.9666667;3.766666667;1;5O;28.63966098;355.4056624
2044;P700200801;6;PET;PEU;vivant;0.484403983;13.62213843;RS2;RS21;5c;481;887.9666667;3.766666667;1;5O;24.85671974;130.4365961
2044;P700200801;7;PET;PEU;vivant;0.584154098;15.96663699;RS2;RS21;5c;481;887.9666667;3.766666667;1;5O;26.52639131;207.458981
2044;P700200801;8;BOP;BOP;vivant;0.732415875;15.49052699;RS2;RS21;5c;481;887.9666667;3.766666667;1;5O;21.3507145;154.4545824
2044;P700200801;9;PET;PEU;vivant;0.677045072;19.13265181;RS2;RS21;5c;481;887.9666667;3.766666667;1;5O;28.41638987;336.2391188
2044;P700200801;10;PET;PEU;vivant;0.543136131;14.92330353;RS2;RS21;5c;481;887.9666667;3.766666667;1;5O;25.81574328;171.2978259
2044;P700200801;11;PET;PEU;vivant;0.524798873;14.58227746;RS2;RS21;5c;481;887.9666667;3.766666667;1;5O;25.57257565;160.1377169
2044;P700200801;12;PET;PEU;vivant;0.352419259;11.58064043;RS2;RS21;5c;481;887.9666667;3.766666667;1;5O;23.16084831;75.4998823
2044;P700200801;13;PET;PEU;vivant;0.609178985;16.64919449;RS2;RS21;5c;481;887.9666667;3.766666667;1;5O;26.96593341;232.7807846
2044;P700200801;14;EPN;EPX;vivant;0.803815654;21.47184349;RS2;RS21;5c;481;887.9666667;3.766666667;1;5O;26.09840765;408.398807
2044;P700200801;15;PET;PEU;vivant;0.388947619;12.06651476;RS2;RS21;5c;481;887.9666667;3.766666667;1;5O;23.58807176;87.58437594
2044;P700200801;16;BOP;BOP;vivant;0.689503479;11.9607362;RS2;RS21;5c;481;887.9666667;3.766666667;1;5O;19.2627729;69.17272338
2044;P700200801;17;PET;PEU;vivant;0.630049201;17.46440333;RS2;RS21;5c;481;887.9666667;3.766666667;1;5O;27.46664255;264.7707979
2044;P700200801;18;BOJ;BOJ;vivant;0.798869752;23.11675758;RS2;RS21;5c;481;887.9666667;3.766666667;1;5O;27.04058404;490.6892858
2044;P700200801;19;PET;PEU;vivant;0.436795559;12.78880235;RS2;RS21;5c;481;887.9666667;3.766666667;1;5O;24.19501387;106.6828337
2044;P700200801;20;PET;PEU;vivant;0.640988463;17.79761204;RS2;RS21;5c;481;887.9666667;3.766666667;1;5O;27.66411434;278.3982172
2044;P700200801;22;PET;PEU;vivant;0.735245297;22.08933554;RS2;RS21;5c;481;887.9666667;3.766666667;1;5O;29.88662176;483.0469917
2044;P700200801;23;PET;PEU;vivant;0.557240036;15.27392116;RS2;RS21;5c;481;887.9666667;3.766666667;1;5O;26.06002941;183.1092451
2044;P700200801;24;BOP;BOP;vivant;0.691958587;12.06585827;RS2;RS21;5c;481;887.9666667;3.766666667;1;5O;19.33279634;71.33178056
2044;P700200801;25;BOP;BOP;vivant;0.711599621;13.40629289;RS2;RS21;5c;481;887.9666667;3.766666667;1;5O;20.17998647;100.8716161
2044;P700200801;26;EPN;EPX;vivant;0.82133932;18.31730911;RS2;RS21;5c;481;887.9666667;3.766666667;1;5O;24.09602155;271.1593376
2044;P700200801;27;EPN;EPX;vivant;0.818857978;19.23992777;RS2;RS21;5c;481;887.9666667;3.766666667;1;5O;24.71075576;308.4945044
2044;P700200801;28;EPN;EPX;vivant;0.812811558;20.29388367;RS2;RS21;5c;481;887.9666667;3.766666667;1;5O;25.38274327;353.9812493
2044;P700200801;29;BOP;BOP;vivant;0.696385256;12.2799453;RS2;RS21;5c;481;887.9666667;3.766666667;1;5O;19.47371441;75.79881513
2044;P700200801;30;BOP;BOP;vivant;0.683753457;11.61542819;RS2;RS21;5c;481;887.9666667;3.766666667;1;5O;19.02880151;62.23863163
2044;P700200801;31;BOP;BOP;vivant;0.696385256;12.2799453;RS2;RS21;5c;481;887.9666667;3.766666667;1;5O;19.47371441;75.79881513
2044;P700200801;32;PET;PEU;vivant;0.517407084;14.47125546;RS2;RS21;5c;481;887.9666667;3.766666667;1;5O;25.49219467;156.5739902
2044;P700200801;33;PET;PEU;vivant;0.535877793;14.81421753;RS2;RS21;5c;481;887.9666667;3.766666667;1;5O;25.73856614;167.6928724
2044;P700200801;34;PET;PEU;vivant;0.3032186;10.9647544;RS2;RS21;5c;481;887.9666667;3.766666667;1;5O;22.59566836;61.0454501
2044;P700200801;35;BOJ;BOJ;vivant;0.84402156;28.00347744;RS2;RS21;5c;481;887.9666667;3.766666667;1;5O;39.99077761;1054.277538
2044;P700200801;36;PIG;PIG;vivant;0.850823705;21.66047963;RS2;RS21;5c;481;887.9666667;3.766666667;1;5O;37.01433314;590.5993179
2044;P700200801;37;BOP;BOP;vivant;0.698554155;12.38620986;RS2;RS21;5c;481;887.9666667;3.766666667;1;5O;19.54283478;78.0511159
2044;P700200801;38;PET;PEU;vivant;0.377654397;11.94988727;RS2;RS21;5c;481;887.9666667;3.766666667;1;5O;23.48696055;84.62820245
2044;P700200801;39;PET;PEU;vivant;0.6515968;18.12814608;RS2;RS21;5c;481;887.9666667;3.766666667;1;5O;27.85605697;292.234416
2044;P700200801;40;PET;PEU;vivant;0.409059737;12.30112939;RS2;RS21;5c;481;887.9666667;3.766666667;1;5O;23.78880282;93.63815354
2044;P700200801;41;NA;AUT;vivant;0.020883979;11.18638079;RS2;RS21;5c;481;887.9666667;3.766666667;1;5O;16.77428389;46.24289345
2044;P700200801;42;BOP;BOP;vivant;0.743187001;10.99696589;RS2;RS21;5c;481;887.9666667;3.766666667;1;5O;18.59384011;50.41677668
2044;P700200801;43;EPN;EPX;vivant;2.101792516;11.41310216;RS2;RS21;5c;481;887.9666667;3.766666667;1;5O;18.48530621;64.19568611
2044;P700200801;44;ERR;ERR;vivant;0.114034555;11.00297309;RS2;RS21;5c;481;887.9666667;3.766666667;1;5O;19.66298977;45.35159099
2044;P700200801;45;MEL;MEL;vivant;0.004089919;11.79121131;RS2;RS21;5c;481;887.9666667;3.766666667;1;5O;26.55425885;97.42620791
2044;P700200801;46;PEU;PEU;vivant;1.232151009;11.18809856;RS2;RS21;5c;481;887.9666667;3.766666667;1;5O;22.80379629;66.17681024
2044;P700200801;47;PIG;PIG;vivant;0.016590736;10.97495974;RS2;RS21;5c;481;887.9666667;3.766666667;1;5O;28.28923843;87.10079506
2044;P700200801;48;PIN;PIN;vivant;0.001416757;12.25428501;RS2;RS21;5c;481;887.9666667;3.766666667;1;5O;19.7753677;86.05484291
2044;P700200801;49;PRP;PRP;vivant;0.014878851;10.77114354;RS2;RS21;5c;481;887.9666667;3.766666667;1;5O;18.4296472;NA
2044;P700200801;50;SAB;SAB;vivant;2.232912447;11.65516518;RS2;RS21;5c;481;887.9666667;3.766666667;1;5O;17.93834576;65.08472954
2044;P700200801;51;SAL;SAL;vivant;0.006108638;10.90610253;RS2;RS21;5c;481;887.9666667;3.766666667;1;5O;18.52813154;NA
2044;P700200801;52;THO;THO;vivant;0.003510857;11.77456861;RS2;RS21;5c;481;887.9666667;3.766666667;1;5O;11.56121566;43.1224471
2044;P700200801;53;EPB;EPX;vivant;0.044527295;12.00204011;RS2;RS21;5c;481;887.9666667;3.766666667;1;5O;19.05026299;76.99968486
2044;P700200801;54;NA;AUT;vivant;0.019037792;10.20496033;RS2;RS21;5c;481;887.9666667;3.766666667;1;5O;16.1585966;30.97198609
2044;P700200801;55;BOP;BOP;vivant;0.824874258;10.01702897;RS2;RS21;5c;481;887.9666667;3.766666667;1;5O;17.85886052;33.21189323
2044;P700200801;56;EPN;EPX;vivant;2.337400191;10.26563618;RS2;RS21;5c;481;887.9666667;3.766666667;1;5O;17.32434722;41.70999446
2044;P700200801;57;ERR;ERR;vivant;0.105014989;10.02301068;RS2;RS21;5c;481;887.9666667;3.766666667;1;5O;18.91363242;28.82880729
2044;P700200801;58;MEL;MEL;vivant;0.002572178;10.63626923;RS2;RS21;5c;481;887.9666667;3.766666667;1;5O;25.30090603;66.26891253
2044;P700200801;59;PEU;PEU;vivant;1.393140069;10.25845543;RS2;RS21;5c;481;887.9666667;3.766666667;1;5O;21.91227678;45.62993629
2044;P700200801;60;PIG;PIG;vivant;0.015131998;10.31700333;RS2;RS21;5c;481;887.9666667;3.766666667;1;5O;27.4953103;67.96700529
2044;P700200801;61;PIN;PIN;vivant;0.001086144;11.53361493;RS2;RS21;5c;481;887.9666667;3.766666667;1;5O;19.13142002;69.61963534
2044;P700200801;62;PRP;PRP;vivant;0.012543319;9.805151728;RS2;RS21;5c;481;887.9666667;3.766666667;1;5O;17.69188735;NA
2044;P700200801;63;SAB;SAB;vivant;2.798564856;10.09980623;RS2;RS21;5c;481;887.9666667;3.766666667;1;5O;16.49092991;36.52168897
2044;P700200801;64;SAL;SAL;vivant;0.004795291;9.929982978;RS2;RS21;5c;481;887.9666667;3.766666667;1;5O;17.79062826;NA
2044;P700200801;65;THO;THO;vivant;0.002321834;10.21335446;RS2;RS21;5c;481;887.9666667;3.766666667;1;5O;10.68662038;24.58561308
2044;P700200801;66;EPB;EPX;vivant;0.047702045;10.26563618;RS2;RS21;5c;481;887.9666667;3.766666667;1;5O;17.32434722;41.70999446
2054;P700200801;1;ERR;ERR;vivant;0.73376607;14.41343265;RS2;RS21;5c;481;881.3333333;4.3;1;5O;22.16942707;118.4530238
2054;P700200801;2;PET;PEU;vivant;0.314115644;14.6564493;RS2;RS21;5c;481;881.3333333;4.3;1;5O;25.75882401;163.3804025
2054;P700200801;3;PET;PEU;vivant;0.159900505;11.93607869;RS2;RS21;5c;481;881.3333333;4.3;1;5O;23.59859351;84.72450472
2054;P700200801;4;BOP;BOP;vivant;0.605126753;17.36613156;RS2;RS21;5c;481;881.3333333;4.3;1;5O;22.28789798;211.0415325
2054;P700200801;5;PET;PEU;vivant;0.541566307;20.89546775;RS2;RS21;5c;481;881.3333333;4.3;1;5O;29.47194835;422.7810759
2054;P700200801;6;PET;PEU;vivant;0.314115644;14.6564493;RS2;RS21;5c;481;881.3333333;4.3;1;5O;25.75882401;163.3804025
2054;P700200801;7;PET;PEU;vivant;0.417005493;17.15839365;RS2;RS21;5c;481;881.3333333;4.3;1;5O;27.42171651;253.8347539
2054;P700200801;8;BOP;BOP;vivant;0.598951276;16.57976533;RS2;RS21;5c;481;881.3333333;4.3;1;5O;21.91170525;186.3704131
2054;P700200801;9;PET;PEU;vivant;0.522970365;20.48313466;RS2;RS21;5c;481;881.3333333;4.3;1;5O;29.26723612;402.1113623
2054;P700200801;10;PET;PEU;vivant;0.373268361;16.05075252;RS2;RS21;5c;481;881.3333333;4.3;1;5O;26.71860787;211.5929569
2054;P700200801;11;PET;PEU;vivant;0.354537254;15.69131741;RS2;RS21;5c;481;881.3333333;4.3;1;5O;26.47953361;198.6393157
2054;P700200801;12;PET;PEU;vivant;0.190813622;12.47216081;RS2;RS21;5c;481;881.3333333;4.3;1;5O;24.05855822;98.65699311
2054;P700200801;13;PET;PEU;vivant;0.444684677;17.87669025;RS2;RS21;5c;481;881.3333333;4.3;1;5O;27.85230739;283.1221829
2054;P700200801;14;EPN;EPX;vivant;0.688143662;22.72581349;RS2;RS21;5c;481;881.3333333;4.3;1;5O;27.01046698;473.7674002
2054;P700200801;15;PET;PEU;vivant;0.22509729;12.98703677;RS2;RS21;5c;481;881.3333333;4.3;1;5O;24.48346753;112.7519055
2054;P700200801;16;BOP;BOP;vivant;0.548405074;12.90644634;RS2;RS21;5c;481;881.3333333;4.3;1;5O;19.8820094;89.45406429
2054;P700200801;17;PET;PEU;vivant;0.46802491;18.74483985;RS2;RS21;5c;481;881.3333333;4.3;1;5O;28.34814268;320.5294542
2054;P700200801;18;BOJ;BOJ;vivant;0.680805786;24.38856451;RS2;RS21;5c;481;881.3333333;4.3;1;5O;27.91939204;563.1927462
2054;P700200801;19;PET;PEU;vivant;0.268358244;13.76387499;RS2;RS21;5c;481;881.3333333;4.3;1;5O;25.09546499;135.3642239
2054;P700200801;20;PET;PEU;vivant;0.480515605;19.09220825;RS2;RS21;5c;481;881.3333333;4.3;1;5O;28.53940738;336.1172175
2054;P700200801;22;BOJ;BOJ;vivant;0.598635627;23.51260658;RS2;RS21;5c;481;881.3333333;4.3;1;5O;30.66574124;565.8670612
2054;P700200801;23;PET;PEU;vivant;0.388011232;16.42466928;RS2;RS21;5c;481;881.3333333;4.3;1;5O;26.96150902;225.4592287
2054;P700200801;24;BOP;BOP;vivant;0.551164343;13.0149703;RS2;RS21;5c;481;881.3333333;4.3;1;5O;19.94948213;91.89731863
2054;P700200801;25;BOP;BOP;vivant;0.574551083;14.41343265;RS2;RS21;5c;481;881.3333333;4.3;1;5O;20.77476363;125.6309994
2054;P700200801;26;EPN;EPX;vivant;0.714616534;19.4973952;RS2;RS21;5c;481;881.3333333;4.3;1;5O;25.0572085;321.6297755
2054;P700200801;27;EPN;EPX;vivant;0.71000807;20.43577747;RS2;RS21;5c;481;881.3333333;4.3;1;5O;25.65293516;362.9118419
2054;P700200801;28;EPN;EPX;vivant;0.701696332;21.50928962;RS2;RS21;5c;481;881.3333333;4.3;1;5O;26.30554177;413.0951946
2054;P700200801;29;BOP;BOP;vivant;0.556400459;13.23384759;RS2;RS21;5c;481;881.3333333;4.3;1;5O;20.08399217;96.90068592
2054;P700200801;30;BOP;BOP;vivant;0.54083246;12.55288012;RS2;RS21;5c;481;881.3333333;4.3;1;5O;19.65849957;81.66542479
2054;P700200801;31;BOP;BOP;vivant;0.556400459;13.23384759;RS2;RS21;5c;481;881.3333333;4.3;1;5O;20.08399217;96.90068592
2054;P700200801;32;PET;PEU;vivant;0.347133887;15.57551533;RS2;RS21;5c;481;881.3333333;4.3;1;5O;26.40131172;194.5440131
2054;P700200801;33;PET;PEU;vivant;0.365839125;15.93785477;RS2;RS21;5c;481;881.3333333;4.3;1;5O;26.64411371;207.4846855
2054;P700200801;34;PET;PEU;vivant;0.150660361;11.80518222;RS2;RS21;5c;481;881.3333333;4.3;1;5O;23.48342889;81.43630439
2054;P700200801;35;BOJ;BOJ;vivant;0.740490446;29.19245898;RS2;RS21;5c;481;881.3333333;4.3;1;5O;40.43470995;1153.380987
2054;P700200801;36;PIG;PIG;vivant;0.753416261;22.64987289;RS2;RS21;5c;481;881.3333333;4.3;1;5O;37.55578494;655.3207738
2054;P700200801;37;BOP;BOP;vivant;0.559041919;13.34093164;RS2;RS21;5c;481;881.3333333;4.3;1;5O;20.14904734;99.38555729
2054;P700200801;38;PET;PEU;vivant;0.214441729;12.86671168;RS2;RS21;5c;481;881.3333333;4.3;1;5O;24.38559227;109.3947876
2054;P700200801;39;PET;PEU;vivant;0.492776707;19.43548565;RS2;RS21;5c;481;881.3333333;4.3;1;5O;28.72458541;351.8712665
2054;P700200801;40;PET;PEU;vivant;0.242922813;13.23580968;RS2;RS21;5c;481;881.3333333;4.3;1;5O;24.68315048;119.8158161
2054;P700200801;41;NA;AUT;vivant;0.016395153;12.11143001;RS2;RS21;5c;481;881.3333333;4.3;1;5O;17.51998;62.84676241
2054;P700200801;42;BOP;BOP;vivant;0.581890834;11.90932772;RS2;RS21;5c;481;881.3333333;4.3;1;5O;19.23650555;68.15404927
2054;P700200801;43;EPN;EPX;vivant;1.876381206;12.44381415;RS2;RS21;5c;481;881.3333333;4.3;1;5O;19.61570553;87.86929538
2054;P700200801;44;ERR;ERR;vivant;0.100802759;11.91534361;RS2;RS21;5c;481;881.3333333;4.3;1;5O;20.59431202;63.16913769
2054;P700200801;45;MEL;MEL;vivant;0.003653702;12.82272509;RS2;RS21;5c;481;881.3333333;4.3;1;5O;27.58755017;128.3321718
2054;P700200801;46;PEU;PEU;vivant;0.635275173;12.04612687;RS2;RS21;5c;481;881.3333333;4.3;1;5O;23.69453343;87.52336424
2054;P700200801;47;PIG;PIG;vivant;0.009787449;11.59312273;RS2;RS21;5c;481;881.3333333;4.3;1;5O;28.99688394;106.3009361
2054;P700200801;48;PIN;PIN;vivant;0.000988149;12.94447962;RS2;RS21;5c;481;881.3333333;4.3;1;5O;20.36605198;103.0229582
2054;P700200801;49;PRP;PRP;vivant;0.011607115;11.67003415;RS2;RS21;5c;481;881.3333333;4.3;1;5O;19.07433077;NA
2054;P700200801;50;SAB;SAB;vivant;1.95297735;13.16969412;RS2;RS21;5c;481;881.3333333;4.3;1;5O;19.23921145;98.0861298
2054;P700200801;51;SAL;SAL;vivant;0.004774274;11.81560396;RS2;RS21;5c;481;881.3333333;4.3;1;5O;19.17333773;NA
2054;P700200801;52;THO;THO;vivant;0.003065421;13.29896766;RS2;RS21;5c;481;881.3333333;4.3;1;5O;12.56644287;65.66044154
2054;P700200801;53;EPB;EPX;vivant;0.042266941;13.6621933;RS2;RS21;5c;481;881.3333333;4.3;1;5O;20.70249035;118.7550656
2054;P700200801;54;NA;AUT;vivant;0.014695544;11.0701444;RS2;RS21;5c;481;881.3333333;4.3;1;5O;16.90655287;44.8901365
2054;P700200801;55;BOP;BOP;vivant;0.63376278;10.87513544;RS2;RS21;5c;481;881.3333333;4.3;1;5O;18.51353979;48.19765427
2054;P700200801;56;EPN;EPX;vivant;2.094979391;11.26352942;RS2;RS21;5c;481;881.3333333;4.3;1;5O;18.48750211;61.57753872
2054;P700200801;57;ERR;ERR;vivant;0.091343614;10.88132138;RS2;RS21;5c;481;881.3333333;4.3;1;5O;19.84981698;43.81827653
2054;P700200801;58;MEL;MEL;vivant;0.002298827;11.6519476;RS2;RS21;5c;481;881.3333333;4.3;1;5O;26.40879863;93.47732665
2054;P700200801;59;PEU;PEU;vivant;0.628879684;11.02511349;RS2;RS21;5c;481;881.3333333;4.3;1;5O;22.77241619;62.75095613
2054;P700200801;60;PIG;PIG;vivant;0.00838542;10.8907657;RS2;RS21;5c;481;881.3333333;4.3;1;5O;28.19006237;84.57786481
2054;P700200801;61;PIN;PIN;vivant;0.000696189;12.18563734;RS2;RS21;5c;481;881.3333333;4.3;1;5O;19.71525881;84.43321705
2054;P700200801;62;PRP;PRP;vivant;0.009596082;10.64703918;RS2;RS21;5c;481;881.3333333;4.3;1;5O;18.3459814;NA
2054;P700200801;63;SAB;SAB;vivant;2.481401339;11.55546242;RS2;RS21;5c;481;881.3333333;4.3;1;5O;17.85376155;63.11049037
2054;P700200801;64;SAL;SAL;vivant;0.00367705;10.78293619;RS2;RS21;5c;481;881.3333333;4.3;1;5O;18.44618222;NA
2054;P700200801;65;THO;THO;vivant;0.00205546;11.67888278;RS2;RS21;5c;481;881.3333333;4.3;1;5O;11.72647862;42.67845951
2054;P700200801;66;EPB;EPX;vivant;0.044704473;11.80875067;RS2;RS21;5c;481;881.3333333;4.3;1;5O;19.01850025;73.28526357
2054;P700200801;67;NA;AUT;vivant;0.015899871;10.2213887;RS2;RS21;5c;481;881.3333333;4.3;1;5O;16.36596601;31.59446699
2054;P700200801;68;BOP;BOP;vivant;0.738933469;10.0306632;RS2;RS21;5c;481;881.3333333;4.3;1;5O;17.87717807;33.45312159
2054;P700200801;69;EPN;EPX;vivant;2.39668805;10.28296666;RS2;RS21;5c;481;881.3333333;4.3;1;5O;17.48645486;42.37464276
2054;P700200801;70;ERR;ERR;vivant;0.090841517;10.03673385;RS2;RS21;5c;481;881.3333333;4.3;1;5O;19.19286276;29.46042968
2054;P700200801;71;MEL;MEL;vivant;0.001873874;10.65911022;RS2;RS21;5c;481;881.3333333;4.3;1;5O;25.32677633;66.85024737
2054;P700200801;72;PEU;PEU;vivant;0.755709601;10.27567915;RS2;RS21;5c;481;881.3333333;4.3;1;5O;22.04644492;46.23681703
2054;P700200801;73;PIG;PIG;vivant;0.011028474;10.33509753;RS2;RS21;5c;481;881.3333333;4.3;1;5O;27.51773817;68.47542538
2054;P700200801;74;PIN;PIN;vivant;0.000782223;11.5697975;RS2;RS21;5c;481;881.3333333;4.3;1;5O;19.16444771;70.4139341
2054;P700200801;75;PRP;PRP;vivant;0.009990932;9.815635804;RS2;RS21;5c;481;881.3333333;4.3;1;5O;17.70783386;NA
2054;P700200801;76;SAB;SAB;vivant;3.145805035;10.11467118;RS2;RS21;5c;481;881.3333333;4.3;1;5O;16.50961902;36.77938285
2054;P700200801;77;SAL;SAL;vivant;0.00366462;9.942323023;RS2;RS21;5c;481;881.3333333;4.3;1;5O;17.80798211;NA
2054;P700200801;78;THO;THO;vivant;0.001728536;10.22990763;RS2;RS21;5c;481;881.3333333;4.3;1;5O;10.90248954;25.24220305
2054;P700200801;79;EPB;EPX;vivant;0.048912001;10.28296666;RS2;RS21;5c;481;881.3333333;4.3;1;5O;17.48645486;42.37464276
2064;P700200801;1;ERR;ERR;vivant;0.664662819;15.35629056;RS2;RS21;5c;481;878.2666667;4.6;1;5O;22.87025414;143.6965999
2064;P700200801;2;PET;PEU;vivant;0.205544495;15.62944973;RS2;RS21;5c;481;878.2666667;4.6;1;5O;26.51229838;197.0000981
2064;P700200801;3;PET;PEU;vivant;0.084183628;12.73498257;RS2;RS21;5c;481;878.2666667;4.6;1;5O;24.34686942;106.0661897
2064;P700200801;4;BOP;BOP;vivant;0.490530384;18.4180704;RS2;RS21;5c;481;878.2666667;4.6;1;5O;22.76883307;246.3220872
2064;P700200801;5;PET;PEU;vivant;0.418228917;22.17894785;RS2;RS21;5c;481;878.2666667;4.6;1;5O;30.16254079;491.7359429
2064;P700200801;6;PET;PEU;vivant;0.205544495;15.62944973;RS2;RS21;5c;481;878.2666667;4.6;1;5O;26.51229838;197.0000981
2064;P700200801;7;PET;PEU;vivant;0.296493146;18.28798803;RS2;RS21;5c;481;878.2666667;4.6;1;5O;28.16887293;301.408105
2064;P700200801;8;BOP;BOP;vivant;0.484509767;17.60598711;RS2;RS21;5c;481;878.2666667;4.6;1;5O;22.40348277;218.8916942
2064;P700200801;9;PET;PEU;vivant;0.400925146;21.75370657;RS2;RS21;5c;481;878.2666667;4.6;1;5O;29.96569413;468.7295405
2064;P700200801;10;PET;PEU;vivant;0.256757159;17.11658118;RS2;RS21;5c;481;878.2666667;4.6;1;5O;27.47280749;252.8824939
2064;P700200801;11;PET;PEU;vivant;0.240405489;16.73812419;RS2;RS21;5c;481;878.2666667;4.6;1;5O;27.2369125;238.057861
2064;P700200801;12;PET;PEU;vivant;0.106426439;13.31025711;RS2;RS21;5c;481;878.2666667;4.6;1;5O;24.81272025;122.3096505
2064;P700200801;13;PET;PEU;vivant;0.322435939;19.04174771;RS2;RS21;5c;481;878.2666667;4.6;1;5O;28.59129471;334.7607377
2064;P700200801;14;BOJ;BOJ;vivant;0.567151631;23.87533433;RS2;RS21;5c;481;878.2666667;4.6;1;5O;27.75058415;536.831257
2064;P700200801;15;PET;PEU;vivant;0.130910849;13.86412721;RS2;RS21;5c;481;878.2666667;4.6;1;5O;25.24353455;138.7949067
2064;P700200801;16;BOP;BOP;vivant;0.433178369;13.80207399;RS2;RS21;5c;481;878.2666667;4.6;1;5O;20.42770279;110.3876775
2064;P700200801;17;PET;PEU;vivant;0.344521925;19.96246674;RS2;RS21;5c;481;878.2666667;4.6;1;5O;29.08230082;377.7822646
2064;P700200801;18;BOJ;BOJ;vivant;0.554122859;25.58129478;RS2;RS21;5c;481;878.2666667;4.6;1;5O;28.64325589;634.3040986
2064;P700200801;19;PET;PEU;vivant;0.167422507;14.67968817;RS2;RS21;5c;481;878.2666667;4.6;1;5O;25.84848384;164.6036323
2064;P700200801;20;PET;PEU;vivant;0.356507467;20.32450595;RS2;RS21;5c;481;878.2666667;4.6;1;5O;29.26824854;395.3898099
2064;P700200801;22;BOJ;BOJ;vivant;0.478790312;24.87372381;RS2;RS21;5c;481;878.2666667;4.6;1;5O;31.30776205;650.2402871
2064;P700200801;23;PET;PEU;vivant;0.269915775;17.51381561;RS2;RS21;5c;481;878.2666667;4.6;1;5O;27.71448938;268.8893862
2064;P700200801;24;BOP;BOP;vivant;0.435974445;13.91272282;RS2;RS21;5c;481;878.2666667;4.6;1;5O;20.49233167;113.0909058
2064;P700200801;25;BOP;BOP;vivant;0.460304964;15.35629056;RS2;RS21;5c;481;878.2666667;4.6;1;5O;21.29311766;150.8080042
2064;P700200801;26;EPN;EPX;vivant;0.599218879;20.58546208;RS2;RS21;5c;481;878.2666667;4.6;1;5O;25.84643573;371.1660557
2064;P700200801;27;EPN;EPX;vivant;0.59065237;21.55314334;RS2;RS21;5c;481;878.2666667;4.6;1;5O;26.43371491;416.8227914
2064;P700200801;28;EPN;EPX;vivant;0.581756646;22.63841923;RS2;RS21;5c;481;878.2666667;4.6;1;5O;27.06467217;471.0790059
2064;P700200801;29;BOP;BOP;vivant;0.441841544;14.12584504;RS2;RS21;5c;481;878.2666667;4.6;1;5O;20.61545064;118.3722639
2064;P700200801;30;BOP;BOP;vivant;0.425703134;13.43049317;RS2;RS21;5c;481;878.2666667;4.6;1;5O;20.20702946;101.5023879
2064;P700200801;31;BOP;BOP;vivant;0.441841544;14.12584504;RS2;RS21;5c;481;878.2666667;4.6;1;5O;20.61545064;118.3722639
2064;P700200801;32;PET;PEU;vivant;0.234059326;16.61717041;RS2;RS21;5c;481;878.2666667;4.6;1;5O;27.16032909;233.4071928
2064;P700200801;33;PET;PEU;vivant;0.250277387;16.99941669;RS2;RS21;5c;481;878.2666667;4.6;1;5O;27.40037509;248.2487254
2064;P700200801;34;PET;PEU;vivant;0.07800083;12.59457174;RS2;RS21;5c;481;878.2666667;4.6;1;5O;24.23017989;102.2360073
2064;P700200801;35;BOJ;BOJ;vivant;0.611919628;30.33674663;RS2;RS21;5c;481;878.2666667;4.6;1;5O;40.83338314;1252.106198
2064;P700200801;36;BOJ;BOJ;vivant;0.632059687;23.60598825;RS2;RS21;5c;481;878.2666667;4.6;1;5O;38.04927979;720.6223613
2064;P700200801;37;BOP;BOP;vivant;0.444538737;14.23417365;RS2;RS21;5c;481;878.2666667;4.6;1;5O;20.67735421;121.0945378
2064;P700200801;38;PET;PEU;vivant;0.123189612;13.73700778;RS2;RS21;5c;481;878.2666667;4.6;1;5O;25.14613609;134.937346
2064;P700200801;39;PET;PEU;vivant;0.36839361;20.68111956;RS2;RS21;5c;481;878.2666667;4.6;1;5O;29.44764493;413.1162201
2064;P700200801;40;PET;PEU;vivant;0.147039648;14.11242727;RS2;RS21;5c;481;878.2666667;4.6;1;5O;25.43131522;146.4577729
2064;P700200801;41;NA;AUT;vivant;0.012828056;12.97379604;RS2;RS21;5c;481;878.2666667;4.6;1;5O;18.11123964;79.66773174
2064;P700200801;42;BOP;BOP;vivant;0.454059779;12.76235697;RS2;RS21;5c;481;878.2666667;4.6;1;5O;19.79548596;86.26525846
2064;P700200801;43;EPN;EPX;vivant;1.635122838;13.35989098;RS2;RS21;5c;481;878.2666667;4.6;1;5O;20.52703352;111.2047751
2064;P700200801;44;ERR;ERR;vivant;0.089127266;12.76831156;RS2;RS21;5c;481;878.2666667;4.6;1;5O;21.32872797;81.28416787
2064;P700200801;45;MEL;MEL;vivant;0.003175933;13.75167245;RS2;RS21;5c;481;878.2666667;4.6;1;5O;28.45690178;158.6809684
2064;P700200801;46;PEU;PEU;vivant;0.338802129;12.85318879;RS2;RS21;5c;481;878.2666667;4.6;1;5O;24.44418087;109.331398
2064;P700200801;47;PIG;PIG;vivant;0.005458104;12.16959954;RS2;RS21;5c;481;878.2666667;4.6;1;5O;29.62600801;125.2883227
2064;P700200801;48;PIN;PIN;vivant;0.000634656;13.59286824;RS2;RS21;5c;481;878.2666667;4.6;1;5O;20.89943861;120.0752625
2064;P700200801;49;PRP;PRP;vivant;0.009028588;12.51010544;RS2;RS21;5c;481;878.2666667;4.6;1;5O;19.63491693;NA
2064;P700200801;50;SAB;SAB;vivant;1.648932314;14.61610618;RS2;RS21;5c;481;878.2666667;4.6;1;5O;20.39156823;134.5152269
2064;P700200801;51;SAL;SAL;vivant;0.003720239;12.66489723;RS2;RS21;5c;481;878.2666667;4.6;1;5O;19.73379669;NA
2064;P700200801;52;THO;THO;vivant;0.002587154;14.74322747;RS2;RS21;5c;481;878.2666667;4.6;1;5O;13.38456474;90.22417822
2064;P700200801;53;EPB;EPX;vivant;0.040101813;15.22746072;RS2;RS21;5c;481;878.2666667;4.6;1;5O;22.08846126;164.8409336
2064;P700200801;54;NA;AUT;vivant;0.011312284;11.88579552;RS2;RS21;5c;481;878.2666667;4.6;1;5O;17.50752079;59.19106629
2064;P700200801;55;BOP;BOP;vivant;0.486291741;11.6787721;RS2;RS21;5c;481;878.2666667;4.6;1;5O;19.08405928;63.53210626
2064;P700200801;56;EPN;EPX;vivant;1.830455581;12.1553644;RS2;RS21;5c;481;878.2666667;4.6;1;5O;19.43166933;81.47202809
2064;P700200801;57;ERR;ERR;vivant;0.079593418;11.68510181;RS2;RS21;5c;481;878.2666667;4.6;1;5O;20.59257687;59.14317843
2064;P700200801;58;MEL;MEL;vivant;0.002007766;12.5507014;RS2;RS21;5c;481;878.2666667;4.6;1;5O;27.32233148;119.8974067
2064;P700200801;59;PEU;PEU;vivant;0.292482098;11.74985903;RS2;RS21;5c;481;878.2666667;4.6;1;5O;23.50185076;80.29027345
2064;P700200801;60;PIG;PIG;vivant;0.004084839;11.42511209;RS2;RS21;5c;481;878.2666667;4.6;1;5O;28.80804375;100.9642436
2064;P700200801;61;PIN;PIN;vivant;0.00041295;12.79575285;RS2;RS21;5c;481;878.2666667;4.6;1;5O;20.2408221;99.26399439
2064;P700200801;62;PRP;PRP;vivant;0.007335067;11.43526462;RS2;RS21;5c;481;878.2666667;4.6;1;5O;18.91603596;NA
2064;P700200801;63;SAB;SAB;vivant;2.13315168;12.93666985;RS2;RS21;5c;481;878.2666667;4.6;1;5O;19.04839013;92.6822072
2064;P700200801;64;SAL;SAL;vivant;0.002816535;11.58174742;RS2;RS21;5c;481;878.2666667;4.6;1;5O;19.01748822;NA
2064;P700200801;65;THO;THO;vivant;0.001763461;13.06983629;RS2;RS21;5c;481;878.2666667;4.6;1;5O;12.57770829;62.80804838
2064;P700200801;66;EPB;EPX;vivant;0.041922643;13.30284591;RS2;RS21;5c;481;878.2666667;4.6;1;5O;20.47681983;109.7116234
2064;P700200801;67;NA;AUT;vivant;0.01204671;10.98532155;RS2;RS21;5c;481;878.2666667;4.6;1;5O;16.96712358;43.79949471
2064;P700200801;68;BOP;BOP;vivant;0.556938487;10.78803365;RS2;RS21;5c;481;878.2666667;4.6;1;5O;18.45356611;46.62268165
2064;P700200801;69;EPN;EPX;vivant;2.104365637;11.14168599;RS2;RS21;5c;481;878.2666667;4.6;1;5O;18.44825644;59.32586169
2064;P700200801;70;ERR;ERR;vivant;0.077891628;10.79436517;RS2;RS21;5c;481;878.2666667;4.6;1;5O;19.93854478;42.61060513
2064;P700200801;71;MEL;MEL;vivant;0.001639666;11.53597922;RS2;RS21;5c;481;878.2666667;4.6;1;5O;26.28652989;90.22936909
2064;P700200801;72;PEU;PEU;vivant;0.31202011;10.92749005;RS2;RS21;5c;481;878.2666667;4.6;1;5O;22.74600017;60.69619674
2064;P700200801;73;PIG;PIG;vivant;0.004965433;10.83228605;RS2;RS21;5c;481;878.2666667;4.6;1;5O;28.12076873;82.83840934
2064;P700200801;74;PIN;PIN;vivant;0.000435387;12.14486825;RS2;RS21;5c;481;878.2666667;4.6;1;5O;19.67944099;83.47577084
2064;P700200801;75;PRP;PRP;vivant;0.007495713;10.55651245;RS2;RS21;5c;481;878.2666667;4.6;1;5O;18.28223363;NA
2064;P700200801;76;SAB;SAB;vivant;2.747654643;11.42866336;RS2;RS21;5c;481;878.2666667;4.6;1;5O;17.74186553;60.61801086
2064;P700200801;77;SAL;SAL;vivant;0.002756291;10.69419533;RS2;RS21;5c;481;878.2666667;4.6;1;5O;18.38451115;NA
2064;P700200801;78;THO;THO;vivant;0.00150705;11.55365174;RS2;RS21;5c;481;878.2666667;4.6;1;5O;11.77813301;41.47940567
2064;P700200801;79;EPB;EPX;vivant;0.045310181;11.66106748;RS2;RS21;5c;481;878.2666667;4.6;1;5O;18.95959839;70.34908498
2064;P700200801;80;NA;AUT;vivant;0.015696805;10.24214143;RS2;RS21;5c;481;878.2666667;4.6;1;5O;16.48961836;32.11979335
2064;P700200801;81;BOP;BOP;vivant;0.689922903;10.04788632;RS2;RS21;5c;481;878.2666667;4.6;1;5O;17.89415932;33.74701795
2064;P700200801;82;EPN;EPX;vivant;2.511027086;10.30485897;RS2;RS21;5c;481;878.2666667;4.6;1;5O;17.58898833;42.97200861
2064;P700200801;83;ERR;ERR;vivant;0.089245806;10.05406931;RS2;RS21;5c;481;878.2666667;4.6;1;5O;19.35700542;29.97500502
2064;P700200801;84;MEL;MEL;vivant;0.001825231;10.68796355;RS2;RS21;5c;481;878.2666667;4.6;1;5O;25.35939077;67.58659894
2064;P700200801;85;PEU;PEU;vivant;0.379291106;10.2974366;RS2;RS21;5c;481;878.2666667;4.6;1;5O;22.13239373;46.83275273
2064;P700200801;86;PIG;PIG;vivant;0.010414555;10.35795459;RS2;RS21;5c;481;878.2666667;4.6;1;5O;27.5460202;69.11910332
2064;P700200801;87;PIN;PIN;vivant;0.000760912;11.61550427;RS2;RS21;5c;481;878.2666667;4.6;1;5O;19.20606119;71.42194933
2064;P700200801;88;PRP;PRP;vivant;0.009825425;9.828879561;RS2;RS21;5c;481;878.2666667;4.6;1;5O;17.72187561;NA
2064;P700200801;89;SAB;SAB;vivant;3.504739684;10.13344897;RS2;RS21;5c;481;878.2666667;4.6;1;5O;16.52982864;37.09814976
2064;P700200801;90;SAL;SAL;vivant;0.003584867;9.95791129;RS2;RS21;5c;481;878.2666667;4.6;1;5O;17.82376891;NA
2064;P700200801;91;THO;THO;vivant;0.001687989;10.25081802;RS2;RS21;5c;481;878.2666667;4.6;1;5O;11.02970993;25.74132805
2064;P700200801;92;EPB;EPX;vivant;0.051245451;10.30485897;RS2;RS21;5c;481;878.2666667;4.6;1;5O;17.58898833;42.97200861
2074;P700200801;1;ERR;ERR;vivant;0.604230094;16.24692734;RS2;RS21;5c;481;883.2;5;1;5O;23.56521052;170.0125744
2074;P700200801;2;PET;PEU;vivant;0.129562824;16.74854037;RS2;RS21;5c;481;883.2;5;1;5O;27.31864673;239.1182624
2074;P700200801;3;PET;PEU;vivant;0.041865941;13.70607816;RS2;RS21;5c;481;883.2;5;1;5O;25.19255896;134.3801813
2074;P700200801;4;BOP;BOP;vivant;0.378166225;19.41479596;RS2;RS21;5c;481;883.2;5;1;5O;23.18739146;282.0085384
2074;P700200801;5;BOJ;BOJ;vivant;0.308846359;23.62314792;RS2;RS21;5c;481;883.2;5;1;5O;30.88104315;575.5070077
2074;P700200801;6;PET;PEU;vivant;0.129562824;16.74854037;RS2;RS21;5c;481;883.2;5;1;5O;27.31864673;239.1182624
2074;P700200801;7;PET;PEU;vivant;0.202301894;19.57367109;RS2;RS21;5c;481;883.2;5;1;5O;28.95722345;360.2915631
2074;P700200801;8;BOP;BOP;vivant;0.373023427;18.57816199;RS2;RS21;5c;481;883.2;5;1;5O;22.83177772;251.8328756
2074;P700200801;9;BOJ;BOJ;vivant;0.294028509;23.18446312;RS2;RS21;5c;481;883.2;5;1;5O;30.69308713;549.7988101
2074;P700200801;10;PET;PEU;vivant;0.169734734;18.33512232;RS2;RS21;5c;481;883.2;5;1;5O;28.27325617;304.2776976
2074;P700200801;11;PET;PEU;vivant;0.156836231;17.93644824;RS2;RS21;5c;481;883.2;5;1;5O;28.04206348;287.21169
2074;P700200801;12;PET;PEU;vivant;0.05654873;14.3135688;RS2;RS21;5c;481;883.2;5;1;5O;25.65239963;153.2158108
2074;P700200801;13;PET;PEU;vivant;0.224178818;20.36407392;RS2;RS21;5c;481;883.2;5;1;5O;29.36834745;398.4233601
2074;P700200801;14;BOJ;BOJ;vivant;0.461154869;24.97244345;RS2;RS21;5c;481;883.2;5;1;5O;28.44584372;601.0359832
2074;P700200801;15;PET;PEU;vivant;0.073455794;14.89463693;RS2;RS21;5c;481;883.2;5;1;5O;26.0746969;172.1909169
2074;P700200801;16;BOP;BOP;vivant;0.326241889;14.6531109;RS2;RS21;5c;481;883.2;5;1;5O;20.9060342;131.8222196
2074;P700200801;17;PET;PEU;vivant;0.242945766;21.34169024;RS2;RS21;5c;481;883.2;5;1;5O;29.85159977;448.1767317
2074;P700200801;18;BOJ;BOJ;vivant;0.44371888;26.71901268;RS2;RS21;5c;481;883.2;5;1;5O;29.3236125;706.4478487
2074;P700200801;19;PET;PEU;vivant;0.100660165;15.74181154;RS2;RS21;5c;481;883.2;5;1;5O;26.66175711;201.5580407
2074;P700200801;20;PET;PEU;vivant;0.253242778;21.71926919;RS2;RS21;5c;481;883.2;5;1;5O;30.03116486;468.1626286
2074;P700200801;22;BOJ;BOJ;vivant;0.365720324;26.39624985;RS2;RS21;5c;481;883.2;5;1;5O;31.97088806;751.570434
2074;P700200801;23;PET;PEU;vivant;0.180340678;18.75739674;RS2;RS21;5c;481;883.2;5;1;5O;28.51214234;322.8647556
2074;P700200801;24;BOP;BOP;vivant;0.328798019;14.76563481;RS2;RS21;5c;481;883.2;5;1;5O;20.9680913;134.7793672
2074;P700200801;25;BOP;BOP;vivant;0.351600406;16.24692734;RS2;RS21;5c;481;883.2;5;1;5O;21.74441335;176.3324754
2074;P700200801;26;EPN;EPX;vivant;0.496827976;21.63934101;RS2;RS21;5c;481;883.2;5;1;5O;26.5944629;422.7563587
2074;P700200801;27;EPN;EPX;vivant;0.486350028;22.625614;RS2;RS21;5c;481;883.2;5;1;5O;27.16847799;472.3514434
2074;P700200801;28;BOJ;BOJ;vivant;0.476632671;23.7190877;RS2;RS21;5c;481;883.2;5;1;5O;27.77847997;530.4478519
2074;P700200801;29;BOP;BOP;vivant;0.334062969;14.98236778;RS2;RS21;5c;481;883.2;5;1;5O;21.08633732;140.5538138
2074;P700200801;30;BOP;BOP;vivant;0.31950612;14.26435625;RS2;RS21;5c;481;883.2;5;1;5O;20.68804052;121.8194066
2074;P700200801;31;BOP;BOP;vivant;0.334062969;14.98236778;RS2;RS21;5c;481;883.2;5;1;5O;21.08633732;140.5538138
2074;P700200801;32;PET;PEU;vivant;0.151916827;17.81008447;RS2;RS21;5c;481;883.2;5;1;5O;27.96760636;281.8998909
2074;P700200801;33;PET;PEU;vivant;0.164635312;18.21351648;RS2;RS21;5c;481;883.2;5;1;5O;28.20332791;299.0225712
2074;P700200801;34;PET;PEU;vivant;0.038349745;13.55289043;RS2;RS21;5c;481;883.2;5;1;5O;25.07349726;129.7906953
2074;P700200801;35;BOJ;BOJ;vivant;0.465867135;31.58340751;RS2;RS21;5c;481;883.2;5;1;5O;41.23779847;1363.257433
2074;P700200801;36;BOJ;BOJ;vivant;0.501131782;24.64388405;RS2;RS21;5c;481;883.2;5;1;5O;38.55405783;794.5147988
2074;P700200801;37;BOP;BOP;vivant;0.336492175;15.09301289;RS2;RS21;5c;481;883.2;5;1;5O;21.14606268;143.5418003
2074;P700200801;38;PET;PEU;vivant;0.068329712;14.76132456;RS2;RS21;5c;481;883.2;5;1;5O;25.97927106;167.7540655
2074;P700200801;39;PET;PEU;vivant;0.265264483;22.07181998;RS2;RS21;5c;481;883.2;5;1;5O;30.19541366;487.2121936
2074;P700200801;40;PET;PEU;vivant;0.083947796;15.15917031;RS2;RS21;5c;481;883.2;5;1;5O;26.26155124;181.1429653
2074;P700200801;41;NA;AUT;vivant;0.009568333;13.79588746;RS2;RS21;5c;481;883.2;5;1;5O;18.68798047;97.33936412
2074;P700200801;42;BOP;BOP;vivant;0.337167743;13.58788324;RS2;RS21;5c;481;883.2;5;1;5O;20.29481931;105.1967332
2074;P700200801;43;EPN;EPX;vivant;1.423696576;14.24747703;RS2;RS21;5c;481;883.2;5;1;5O;21.38418935;136.1498032
2074;P700200801;44;ERR;ERR;vivant;0.079062068;13.59365801;RS2;RS21;5c;481;883.2;5;1;5O;22.06171683;100.6665972
2074;P700200801;45;MEL;MEL;vivant;0.002757527;14.651446;RS2;RS21;5c;481;883.2;5;1;5O;29.24938196;190.3614952
2074;P700200801;46;PEU;PEU;vivant;0.171263862;13.82993369;RS2;RS21;5c;481;883.2;5;1;5O;25.28789199;138.1378773
2074;P700200801;47;PIG;PIG;vivant;0.002810463;12.82935285;RS2;RS21;5c;481;883.2;5;1;5O;30.31225347;148.3126384
2074;P700200801;48;PIN;PIN;vivant;0.00038577;14.3199713;RS2;RS21;5c;481;883.2;5;1;5O;21.47451079;140.496635
2074;P700200801;49;PRP;PRP;vivant;0.006682409;13.32357833;RS2;RS21;5c;481;883.2;5;1;5O;20.13614304;NA
2074;P700200801;50;SAB;SAB;vivant;1.329901891;15.96566867;RS2;RS21;5c;481;883.2;5;1;5O;21.39424423;172.8805964
2074;P700200801;51;SAL;SAL;vivant;0.002758345;13.48764316;RS2;RS21;5c;481;883.2;5;1;5O;20.23498335;NA
2074;P700200801;52;THO;THO;vivant;0.002081817;16.09969111;RS2;RS21;5c;481;883.2;5;1;5O;14.14810151;116.8040861
2074;P700200801;53;EPB;EPX;vivant;0.037761729;16.67403354;RS2;RS21;5c;481;883.2;5;1;5O;23.29958455;213.7432456
2074;P700200801;54;NA;AUT;vivant;0.008295886;12.6685087;RS2;RS21;5c;481;883.2;5;1;5O;18.09462241;74.31719762
2074;P700200801;55;BOP;BOP;vivant;0.355491396;12.44930567;RS2;RS21;5c;481;883.2;5;1;5O;19.58959205;79.4237009
2074;P700200801;56;EPN;EPX;vivant;1.598650343;13.03087248;RS2;RS21;5c;481;883.2;5;1;5O;20.32799542;103.1805984
2074;P700200801;57;ERR;ERR;vivant;0.070091815;12.45567609;RS2;RS21;5c;481;883.2;5;1;5O;21.3267141;75.38157915
2074;P700200801;58;MEL;MEL;vivant;0.001746912;13.44397496;RS2;RS21;5c;481;883.2;5;1;5O;28.17496284;148.3633585
2074;P700200801;59;PEU;PEU;vivant;0.131272694;12.63551806;RS2;RS21;5c;481;883.2;5;1;5O;24.33261;103.6383502
2074;P700200801;60;PIG;PIG;vivant;0.0017937;12.04503686;RS2;RS21;5c;481;883.2;5;1;5O;29.49247474;121.0966202
2074;P700200801;61;PIN;PIN;vivant;0.000224506;13.48998505;RS2;RS21;5c;481;883.2;5;1;5O;20.81613487;117.2969652
2074;P700200801;62;PRP;PRP;vivant;0.005340502;12.19147604;RS2;RS21;5c;481;883.2;5;1;5O;19.42168016;NA
2074;P700200801;63;SAB;SAB;vivant;1.759411303;14.24098186;RS2;RS21;5c;481;883.2;5;1;5O;20.09723498;124.5809338
2074;P700200801;64;SAL;SAL;vivant;0.002055187;12.34819614;RS2;RS21;5c;481;883.2;5;1;5O;19.52412469;NA
2074;P700200801;65;THO;THO;vivant;0.001450699;14.38394259;RS2;RS21;5c;481;883.2;5;1;5O;13.3708937;84.96585727
2074;P700200801;66;EPB;EPX;vivant;0.039119899;14.69531958;RS2;RS21;5c;481;883.2;5;1;5O;21.75587208;149.2755828
2074;P700200801;67;NA;AUT;vivant;0.008673618;11.73081137;RS2;RS21;5c;481;883.2;5;1;5O;17.56101106;56.90884939
2074;P700200801;68;BOP;BOP;vivant;0.399440384;11.52031748;RS2;RS21;5c;481;883.2;5;1;5O;18.96907236;60.38948526
2074;P700200801;69;EPN;EPX;vivant;1.841783409;12.00563986;RS2;RS21;5c;481;883.2;5;1;5O;19.38024855;78.401839
2074;P700200801;70;ERR;ERR;vivant;0.067642358;11.52682085;RS2;RS21;5c;481;883.2;5;1;5O;20.67839803;56.64095723
2074;P700200801;71;MEL;MEL;vivant;0.001434811;12.40179514;RS2;RS21;5c;481;883.2;5;1;5O;27.17499794;115.3666849
2074;P700200801;72;PEU;PEU;vivant;0.121019502;11.74980574;RS2;RS21;5c;481;883.2;5;1;5O;23.56832527;80.51620579
2074;P700200801;73;PIG;PIG;vivant;0.001937516;11.41539687;RS2;RS21;5c;481;883.2;5;1;5O;28.79704589;100.6583577
2074;P700200801;74;PIN;PIN;vivant;0.000217188;12.80531474;RS2;RS21;5c;481;883.2;5;1;5O;20.24890659;99.5039622
2074;P700200801;75;PRP;PRP;vivant;0.005349763;11.27313045;RS2;RS21;5c;481;883.2;5;1;5O;18.79642856;NA
2074;P700200801;76;SAB;SAB;vivant;2.314937377;12.67370249;RS2;RS21;5c;481;883.2;5;1;5O;18.82447273;86.7049714
2074;P700200801;77;SAL;SAL;vivant;0.00197252;11.4214965;RS2;RS21;5c;481;883.2;5;1;5O;18.90045004;NA
2074;P700200801;78;THO;THO;vivant;0.001266763;12.80836797;RS2;RS21;5c;481;883.2;5;1;5O;12.592227;59.59184245
2074;P700200801;79;EPB;EPX;vivant;0.041813853;12.97014644;RS2;RS21;5c;481;883.2;5;1;5O;20.27339293;101.6369769
2074;P700200801;80;NA;AUT;vivant;0.011106932;10.94413203;RS2;RS21;5c;481;883.2;5;1;5O;17.0815592;43.48499808
2074;P700200801;81;BOP;BOP;vivant;0.484858642;10.74581821;RS2;RS21;5c;481;883.2;5;1;5O;18.4167069;45.8454532
2074;P700200801;82;EPN;EPX;vivant;2.206688837;11.14546447;RS2;RS21;5c;481;883.2;5;1;5O;18.53974918;59.68600202
2074;P700200801;83;ERR;ERR;vivant;0.076258246;10.75223182;RS2;RS21;5c;481;883.2;5;1;5O;20.1000456;42.27218728
2074;P700200801;84;MEL;MEL;vivant;0.00159843;11.54703478;RS2;RS21;5c;481;883.2;5;1;5O;26.29823123;90.53742514
2074;P700200801;85;PEU;PEU;vivant;0.129773408;11.05927857;RS2;RS21;5c;481;883.2;5;1;5O;22.93551115;63.90211389
2074;P700200801;86;PIG;PIG;vivant;0.003722765;10.90917571;RS2;RS21;5c;481;883.2;5;1;5O;28.21180735;85.12765544
2074;P700200801;87;PIN;PIN;vivant;0.000356895;12.24523743;RS2;RS21;5c;481;883.2;5;1;5O;19.76745994;85.84043704
2074;P700200801;88;PRP;PRP;vivant;0.006865251;10.51038211;RS2;RS21;5c;481;883.2;5;1;5O;18.24189771;NA
2074;P700200801;89;SAB;SAB;vivant;3.000252358;11.33524119;RS2;RS21;5c;481;883.2;5;1;5O;17.65412107;58.78811841
2074;P700200801;90;SAL;SAL;vivant;0.002512798;10.65046101;RS2;RS21;5c;481;883.2;5;1;5O;18.34630878;NA
2074;P700200801;91;THO;THO;vivant;0.001441978;11.46229273;RS2;RS21;5c;481;883.2;5;1;5O;11.86929404;40.78565457
2074;P700200801;92;EPB;EPX;vivant;0.046638371;11.5208554;RS2;RS21;5c;481;883.2;5;1;5O;18.91192257;67.62403237
2074;P700200801;93;NA;AUT;vivant;0.016270441;10.24954221;RS2;RS21;5c;481;883.2;5;1;5O;16.63126172;32.49885192
2074;P700200801;94;BOP;BOP;vivant;0.65617024;10.05402838;RS2;RS21;5c;481;883.2;5;1;5O;17.8932312;33.83878707
2074;P700200801;95;EPN;EPX;vivant;2.627230812;10.31266615;RS2;RS21;5c;481;883.2;5;1;5O;17.68243611;43.32547545
2074;P700200801;96;ERR;ERR;vivant;0.090720138;10.06025143;RS2;RS21;5c;481;883.2;5;1;5O;19.55087881;30.36986168
2074;P700200801;97;MEL;MEL;vivant;0.001934445;10.69825315;RS2;RS21;5c;481;883.2;5;1;5O;25.37100397;67.84973331
2074;P700200801;98;PEU;PEU;vivant;0.222576192;10.30519568;RS2;RS21;5c;481;883.2;5;1;5O;22.20352403;47.13208276
2074;P700200801;99;PIG;PIG;vivant;0.010539532;10.36610581;RS2;RS21;5c;481;883.2;5;1;5O;27.55609274;69.34903582
2074;P700200801;100;PIN;PIN;vivant;0.0008078;11.63180409;RS2;RS21;5c;481;883.2;5;1;5O;19.22087223;71.78267799
2074;P700200801;101;PRP;PRP;vivant;0.010273888;9.833602512;RS2;RS21;5c;481;883.2;5;1;5O;17.71995932;NA
2074;P700200801;102;SAB;SAB;vivant;3.842993885;10.14014545;RS2;RS21;5c;481;883.2;5;1;5O;16.53318795;37.20337697
2074;P700200801;103;SAL;SAL;vivant;0.003769051;9.963470333;RS2;RS21;5c;481;883.2;5;1;5O;17.82243943;NA
2074;P700200801;104;THO;THO;vivant;0.001784021;10.25827502;RS2;RS21;5c;481;883.2;5;1;5O;11.17014584;26.14300486
2074;P700200801;105;EPB;EPX;vivant;0.053616955;10.31266615;RS2;RS21;5c;481;883.2;5;1;5O;17.68243611;43.32547545
2084;P700200801;1;ERR;ERR;vivant;0.549676523;17.10803874;RS2;RS21;5c;481;917.2;5.2;1;5O;24.06562047;196.2868417
2084;P700200801;2;PET;PEU;vivant;0.075109504;17.7921137;RS2;RS21;5c;481;917.2;5.2;1;5O;27.90104441;280.5858577
2084;P700200801;3;PET;PEU;vivant;0.019103273;14.6080992;RS2;RS21;5c;481;917.2;5.2;1;5O;25.81614144;162.3864647
2084;P700200801;4;BOP;BOP;vivant;0.290334357;20.38862959;RS2;RS21;5c;481;917.2;5.2;1;5O;23.53073338;318.5344045
2084;P700200801;5;BOJ;BOJ;vivant;0.209418323;24.99817598;RS2;RS21;5c;481;917.2;5.2;1;5O;31.37971561;658.5757353
2084;P700200801;6;PET;PEU;vivant;0.075109504;17.7921137;RS2;RS21;5c;481;917.2;5.2;1;5O;27.90104441;280.5858577
2084;P700200801;7;PET;PEU;vivant;0.127569286;20.77464981;RS2;RS21;5c;481;917.2;5.2;1;5O;29.51586452;418.1368368
2084;P700200801;8;BOP;BOP;vivant;0.286354729;19.52576946;RS2;RS21;5c;481;917.2;5.2;1;5O;23.18379481;285.5250187
2084;P700200801;9;BOJ;BOJ;vivant;0.198062752;24.54450964;RS2;RS21;5c;481;917.2;5.2;1;5O;31.19963998;630.1582948
2084;P700200801;10;PET;PEU;vivant;0.103205035;19.47766865;RS2;RS21;5c;481;917.2;5.2;1;5O;28.84841988;355.0785148
2084;P700200801;11;PET;PEU;vivant;0.094147233;19.05806141;RS2;RS21;5c;481;917.2;5.2;1;5O;28.62142262;335.7497537
2084;P700200801;12;PET;PEU;vivant;0.028024573;15.23151612;RS2;RS21;5c;481;917.2;5.2;1;5O;26.25894965;183.2547665
2084;P700200801;13;PET;PEU;vivant;0.143274083;21.61146527;RS2;RS21;5c;481;917.2;5.2;1;5O;29.9208329;461.4955198
2084;P700200801;14;BOJ;BOJ;vivant;0.349754341;26.03636292;RS2;RS21;5c;481;917.2;5.2;1;5O;28.94650292;663.339016
2084;P700200801;15;PET;PEU;vivant;0.037921837;15.84972723;RS2;RS21;5c;481;917.2;5.2;1;5O;26.68037709;205.0314393
2084;P700200801;16;BOP;BOP;vivant;0.246642383;15.47484929;RS2;RS21;5c;481;917.2;5.2;1;5O;21.30301255;153.7309042
2084;P700200801;17;PET;PEU;vivant;0.15736852;22.64584065;RS2;RS21;5c;481;917.2;5.2;1;5O;30.39569975;518.0049874
2084;P700200801;18;BOJ;BOJ;vivant;0.328816015;27.83092179;RS2;RS21;5c;481;917.2;5.2;1;5O;29.8114245;776.6880358
2084;P700200801;19;PET;PEU;vivant;0.054688921;16.74800856;RS2;RS21;5c;481;917.2;5.2;1;5O;27.26347429;238.6177063
2084;P700200801;20;BOJ;BOJ;vivant;0.166439725;23.02392197;RS2;RS21;5c;481;917.2;5.2;1;5O;30.56255133;539.4668425
2084;P700200801;22;BOJ;BOJ;vivant;0.256186614;27.85705768;RS2;RS21;5c;481;917.2;5.2;1;5O;32.41899473;852.0562607
2084;P700200801;23;PET;PEU;vivant;0.111344209;19.91716993;RS2;RS21;5c;481;917.2;5.2;1;5O;29.0802498;375.8845716
2084;P700200801;24;BOP;BOP;vivant;0.24884652;15.5894339;RS2;RS21;5c;481;917.2;5.2;1;5O;21.36281629;156.9446013
2084;P700200801;25;BOP;BOP;vivant;0.268802174;17.10803874;RS2;RS21;5c;481;917.2;5.2;1;5O;22.11631405;202.3298648
2084;P700200801;26;EPN;EPX;vivant;0.387847076;22.65065976;RS2;RS21;5c;481;917.2;5.2;1;5O;27.14347008;472.961088
2084;P700200801;27;BOJ;BOJ;vivant;0.376548745;23.65247301;RS2;RS21;5c;481;917.2;5.2;1;5O;27.70228007;526.0596051
2084;P700200801;28;BOJ;BOJ;vivant;0.365877898;24.76048401;RS2;RS21;5c;481;917.2;5.2;1;5O;28.29492397;587.9617463
2084;P700200801;29;BOP;BOP;vivant;0.253321581;15.81063804;RS2;RS21;5c;481;917.2;5.2;1;5O;21.47704482;163.2316493
2084;P700200801;30;BOP;BOP;vivant;0.240897317;15.06877741;RS2;RS21;5c;481;917.2;5.2;1;5O;21.08750844;142.5773025
2084;P700200801;31;BOP;BOP;vivant;0.253321581;15.81063804;RS2;RS21;5c;481;917.2;5.2;1;5O;21.47704482;163.2316493
2084;P700200801;32;PET;PEU;vivant;0.090750618;18.92585125;RS2;RS21;5c;481;917.2;5.2;1;5O;28.54872341;329.7677212
2084;P700200801;33;PET;PEU;vivant;0.099635433;19.35108609;RS2;RS21;5c;481;917.2;5.2;1;5O;28.7805332;349.1926061
2084;P700200801;34;PET;PEU;vivant;0.017214008;14.44555071;RS2;RS21;5c;481;917.2;5.2;1;5O;25.69759767;157.1239618
2084;P700200801;35;BOJ;BOJ;vivant;0.306787928;32.80035008;RS2;RS21;5c;481;917.2;5.2;1;5O;41.60428076;1475.224343
2084;P700200801;36;BOJ;BOJ;vivant;0.362052913;25.63934123;RS2;RS21;5c;481;917.2;5.2;1;5O;39.00985741;868.2602751
2084;P700200801;37;BOP;BOP;vivant;0.255395429;15.92381652;RS2;RS21;5c;481;917.2;5.2;1;5O;21.53487645;166.4908268
2084;P700200801;38;PET;PEU;vivant;0.034879419;15.71027745;RS2;RS21;5c;481;917.2;5.2;1;5O;26.58679783;200.024516
2084;P700200801;39;BOJ;BOJ;vivant;0.175480588;23.3901573;RS2;RS21;5c;481;917.2;5.2;1;5O;30.72088461;560.668908
2084;P700200801;40;PET;PEU;vivant;0.044432785;16.12245741;RS2;RS21;5c;481;917.2;5.2;1;5O;26.86097188;214.9840962
2084;P700200801;41;NA;AUT;vivant;0.00716259;14.60368181;RS2;RS21;5c;481;917.2;5.2;1;5O;19.12262354;115.5089309
2084;P700200801;42;BOP;BOP;vivant;0.251955417;14.38487259;RS2;RS21;5c;481;917.2;5.2;1;5O;20.71142862;124.6154591
2084;P700200801;43;EPN;EPX;vivant;1.196173169;15.0618191;RS2;RS21;5c;481;917.2;5.2;1;5O;22.01914473;160.1665075
2084;P700200801;44;ERR;ERR;vivant;0.070478658;14.39041498;RS2;RS21;5c;481;917.2;5.2;1;5O;22.60386419;120.2686074
2084;P700200801;45;MEL;MEL;vivant;0.002307639;15.47917373;RS2;RS21;5c;481;917.2;5.2;1;5O;29.93925459;221.4921679
2084;P700200801;46;PEU;PEU;vivant;0.078996204;14.7408363;RS2;RS21;5c;481;917.2;5.2;1;5O;25.91198115;166.738463
2084;P700200801;47;PIG;PIG;vivant;0.001293309;13.45313557;RS2;RS21;5c;481;917.2;5.2;1;5O;30.93031387;171.3612061
2084;P700200801;48;PIN;PIN;vivant;0.000217541;15.00143272;RS2;RS21;5c;481;917.2;5.2;1;5O;21.99282327;160.8972907
2084;P700200801;49;PRP;PRP;vivant;0.004980635;14.1080614;RS2;RS21;5c;481;917.2;5.2;1;5O;20.55428997;NA
2084;P700200801;50;SAB;SAB;vivant;1.061428681;17.30385245;RS2;RS21;5c;481;917.2;5.2;1;5O;22.31004009;214.9507818
2084;P700200801;51;SAL;SAL;vivant;0.00205877;14.28156279;RS2;RS21;5c;481;917.2;5.2;1;5O;20.65312354;NA
2084;P700200801;52;THO;THO;vivant;0.001656874;17.4472648;RS2;RS21;5c;481;917.2;5.2;1;5O;14.72369591;145.0149631
2084;P700200801;53;EPB;EPX;vivant;0.035676112;18.05112032;RS2;RS21;5c;481;917.2;5.2;1;5O;24.25239502;264.5109869
2084;P700200801;54;NA;AUT;vivant;0.00612162;13.4382154;RS2;RS21;5c;481;917.2;5.2;1;5O;18.54222202;89.96421889
2084;P700200801;55;BOP;BOP;vivant;0.261630186;13.20657045;RS2;RS21;5c;481;917.2;5.2;1;5O;20.02146461;96.05152095
2084;P700200801;56;EPN;EPX;vivant;1.349815391;13.83029101;RS2;RS21;5c;481;917.2;5.2;1;5O;20.99639167;124.2054559
2084;P700200801;57;ERR;ERR;vivant;0.061781506;13.21294374;RS2;RS21;5c;481;917.2;5.2;1;5O;21.88279446;92.17088083
2084;P700200801;58;MEL;MEL;vivant;0.001467734;14.26138833;RS2;RS21;5c;481;917.2;5.2;1;5O;28.9115154;176.3514209
2084;P700200801;59;PEU;PEU;vivant;0.052072724;13.47360801;RS2;RS21;5c;481;917.2;5.2;1;5O;24.96042195;127.1809806
2084;P700200801;60;PIG;PIG;vivant;0.000722125;12.6298914;RS2;RS21;5c;481;917.2;5.2;1;5O;30.10842557;141.2054368
2084;P700200801;61;PIN;PIN;vivant;0.000111612;14.14500766;RS2;RS21;5c;481;917.2;5.2;1;5O;21.3382689;135.4562592
2084;P700200801;62;PRP;PRP;vivant;0.003917049;12.93435261;RS2;RS21;5c;481;917.2;5.2;1;5O;19.85386622;NA
2084;P700200801;63;SAB;SAB;vivant;1.438269972;15.52821115;RS2;RS21;5c;481;917.2;5.2;1;5O;21.04937128;159.7748865
2084;P700200801;64;SAL;SAL;vivant;0.001510282;13.10108725;RS2;RS21;5c;481;917.2;5.2;1;5O;19.95690487;NA
2084;P700200801;65;THO;THO;vivant;0.00118651;15.65920828;RS2;RS21;5c;481;917.2;5.2;1;5O;13.96449235;108.2822388
2084;P700200801;66;EPB;EPX;vivant;0.036775767;16.01434114;RS2;RS21;5c;481;917.2;5.2;1;5O;22.7666533;190.7748502
2084;P700200801;67;NA;AUT;vivant;0.00631223;12.45347248;RS2;RS21;5c;481;917.2;5.2;1;5O;18.01185645;70.32866317
2084;P700200801;68;BOP;BOP;vivant;0.28976236;12.2291938;RS2;RS21;5c;481;917.2;5.2;1;5O;19.4041222;74.59146099
2084;P700200801;69;EPN;EPX;vivant;1.559754581;12.79411509;RS2;RS21;5c;481;917.2;5.2;1;5O;20.08146203;97.05918087
2084;P700200801;70;ERR;ERR;vivant;0.059236618;12.23560862;RS2;RS21;5c;481;917.2;5.2;1;5O;21.23587644;70.98554508
2084;P700200801;71;MEL;MEL;vivant;0.001209468;13.2080497;RS2;RS21;5c;481;917.2;5.2;1;5O;27.954809;140.6303734
2084;P700200801;72;PEU;PEU;vivant;0.042203727;12.51735758;RS2;RS21;5c;481;917.2;5.2;1;5O;24.18389992;100.2283231
2084;P700200801;73;PIG;PIG;vivant;0.00068284;11.96562902;RS2;RS21;5c;481;917.2;5.2;1;5O;29.40666686;118.4500926
2084;P700200801;74;PIN;PIN;vivant;9.98E-05;13.42779969;RS2;RS21;5c;481;917.2;5.2;1;5O;20.76554441;115.6309928
2084;P700200801;75;PRP;PRP;vivant;0.003855415;11.98001792;RS2;RS21;5c;481;917.2;5.2;1;5O;19.2395375;NA
2084;P700200801;76;SAB;SAB;vivant;1.937032247;13.8930557;RS2;RS21;5c;481;917.2;5.2;1;5O;19.79868126;115.5404976
2084;P700200801;77;SAL;SAL;vivant;0.001428269;12.12539114;RS2;RS21;5c;481;917.2;5.2;1;5O;19.33593066;NA
2084;P700200801;78;THO;THO;vivant;0.001057337;14.03759781;RS2;RS21;5c;481;917.2;5.2;1;5O;13.2145883;79.12800775
2084;P700200801;79;EPB;EPX;vivant;0.038948571;14.23969565;RS2;RS21;5c;481;917.2;5.2;1;5O;21.34382691;135.7113964
2084;P700200801;80;NA;AUT;vivant;0.007944688;11.63704428;RS2;RS21;5c;481;917.2;5.2;1;5O;17.54078778;55.36450546
2084;P700200801;81;BOP;BOP;vivant;0.345507077;11.4242432;RS2;RS21;5c;481;917.2;5.2;1;5O;18.8610713;58.39293531
2084;P700200801;82;EPN;EPX;vivant;1.870773647;11.92733947;RS2;RS21;5c;481;917.2;5.2;1;5O;19.27373621;76.49444586
2084;P700200801;83;ERR;ERR;vivant;0.065822426;11.43084677;RS2;RS21;5c;481;917.2;5.2;1;5O;20.66586503;54.95137718
2084;P700200801;84;MEL;MEL;vivant;0.00135623;12.32742478;RS2;RS21;5c;481;917.2;5.2;1;5O;27.10083147;113.1267178
2084;P700200801;85;PEU;PEU;vivant;0.038219406;11.77993613;RS2;RS21;5c;481;917.2;5.2;1;5O;23.54659797;81.10173812
2084;P700200801;86;PIG;PIG;vivant;0.001065393;11.43107663;RS2;RS21;5c;481;917.2;5.2;1;5O;28.8147915;101.1521852
2084;P700200801;87;PIN;PIN;vivant;0.000146702;12.84156412;RS2;RS21;5c;481;917.2;5.2;1;5O;20.27951348;100.4158095
2084;P700200801;88;PRP;PRP;vivant;0.004867479;11.17260686;RS2;RS21;5c;481;917.2;5.2;1;5O;18.68430285;NA
2084;P700200801;89;SAB;SAB;vivant;2.555559553;12.50121449;RS2;RS21;5c;481;917.2;5.2;1;5O;18.65482909;82.77695804
2084;P700200801;90;SAL;SAL;vivant;0.001786635;11.32350113;RS2;RS21;5c;481;917.2;5.2;1;5O;18.79071944;NA
2084;P700200801;91;THO;THO;vivant;0.001225519;12.63799725;RS2;RS21;5c;481;917.2;5.2;1;5O;12.51268464;57.10707852
2084;P700200801;92;EPB;EPX;vivant;0.043007409;12.7135553;RS2;RS21;5c;481;917.2;5.2;1;5O;20.00808017;95.06616508
2084;P700200801;93;NA;AUT;vivant;0.011448222;10.90128357;RS2;RS21;5c;481;917.2;5.2;1;5O;17.08903751;42.8705972
2084;P700200801;94;BOP;BOP;vivant;0.458380182;10.70270276;RS2;RS21;5c;481;917.2;5.2;1;5O;18.3446314;44.97153314
2084;P700200801;95;EPN;EPX;vivant;2.2389552;11.06992133;RS2;RS21;5c;481;917.2;5.2;1;5O;18.43288257;58.0338251
2084;P700200801;96;ERR;ERR;vivant;0.076970525;10.70915466;RS2;RS21;5c;481;917.2;5.2;1;5O;20.12260982;41.62132778
2084;P700200801;97;MEL;MEL;vivant;0.001641415;11.47418422;RS2;RS21;5c;481;917.2;5.2;1;5O;26.22094868;88.51361842
2084;P700200801;98;PEU;PEU;vivant;0.054516604;10.9546602;RS2;RS21;5c;481;917.2;5.2;1;5O;22.7892997;61.36342085
2084;P700200801;99;PIG;PIG;vivant;0.002652128;10.8520022;RS2;RS21;5c;481;917.2;5.2;1;5O;28.14416832;83.42367609
2084;P700200801;100;PIN;PIN;vivant;0.000296501;12.19466865;RS2;RS21;5c;481;917.2;5.2;1;5O;19.72318119;84.64588018
2084;P700200801;101;PRP;PRP;vivant;0.007134923;10.46577369;RS2;RS21;5c;481;917.2;5.2;1;5O;18.16841787;NA
2084;P700200801;102;SAB;SAB;vivant;3.317190822;11.27071763;RS2;RS21;5c;481;917.2;5.2;1;5O;17.57298282;57.46952873
2084;P700200801;103;SAL;SAL;vivant;0.002626013;10.60664791;RS2;RS21;5c;481;917.2;5.2;1;5O;18.27360242;NA
2084;P700200801;104;THO;THO;vivant;0.001536848;11.3984529;RS2;RS21;5c;481;917.2;5.2;1;5O;11.84204984;39.98698283
2084;P700200801;105;EPB;EPX;vivant;0.048775899;11.43116078;RS2;RS21;5c;481;917.2;5.2;1;5O;18.79247242;65.58593314
2084;P700200801;106;NA;AUT;vivant;0.017523172;10.25021647;RS2;RS21;5c;481;917.2;5.2;1;5O;16.66542368;32.57502619
2084;P700200801;107;BOP;BOP;vivant;0.624821366;10.05458796;RS2;RS21;5c;481;917.2;5.2;1;5O;17.854288;33.77364256
2084;P700200801;108;EPN;EPX;vivant;2.763384068;10.31337743;RS2;RS21;5c;481;917.2;5.2;1;5O;17.65306135;43.2648877
2084;P700200801;109;ERR;ERR;vivant;0.095258592;10.06081466;RS2;RS21;5c;481;917.2;5.2;1;5O;19.60586666;30.4639259
2084;P700200801;110;MEL;MEL;vivant;0.002193165;10.69919059;RS2;RS21;5c;481;917.2;5.2;1;5O;25.37206155;67.87372061
2084;P700200801;111;PEU;PEU;vivant;0.152747989;10.30590258;RS2;RS21;5c;481;917.2;5.2;1;5O;22.15799252;47.04896462
2084;P700200801;112;PIG;PIG;vivant;0.011295352;10.36684844;RS2;RS21;5c;481;917.2;5.2;1;5O;27.55701006;69.36999422
2084;P700200801;113;PIN;PIN;vivant;0.000919605;11.6332891;RS2;RS21;5c;481;917.2;5.2;1;5O;19.22222085;71.81557543
2084;P700200801;114;PRP;PRP;vivant;0.011276452;9.834032803;RS2;RS21;5c;481;917.2;5.2;1;5O;17.68125209;NA
2084;P700200801;115;SAB;SAB;vivant;4.140231594;10.14075554;RS2;RS21;5c;481;917.2;5.2;1;5O;16.51209776;37.16480916
2084;P700200801;116;SAL;SAL;vivant;0.004195938;9.963976797;RS2;RS21;5c;481;917.2;5.2;1;5O;17.7835928;NA
2084;P700200801;117;THO;THO;vivant;0.00200797;10.2589544;RS2;RS21;5c;481;917.2;5.2;1;5O;11.17874245;26.16986597
2084;P700200801;118;EPB;EPX;vivant;0.056395593;10.31337743;RS2;RS21;5c;481;917.2;5.2;1;5O;17.65306135;43.2648877
2094;P700200801;1;ERR;ERR;vivant;0.498542205;17.97594371;RS2;RS21;5c;481;917.2;5.2;1;5O;24.48209497;223.9454302
2094;P700200801;2;PET;PEU;vivant;0.040483405;18.74885419;RS2;RS21;5c;481;917.2;5.2;1;5O;28.45049641;321.8401572
2094;P700200801;3;PET;PEU;vivant;0.008137302;15.42920589;RS2;RS21;5c;481;917.2;5.2;1;5O;26.39557514;190.1006343
2094;P700200801;4;BOP;BOP;vivant;0.206914541;21.36003989;RS2;RS21;5c;481;917.2;5.2;1;5O;23.90230187;357.8140811
2094;P700200801;5;BOJ;BOJ;vivant;0.131104679;26.27937944;RS2;RS21;5c;481;917.2;5.2;1;5O;31.86513198;742.2092522
2094;P700200801;6;PET;PEU;vivant;0.040483405;18.74885419;RS2;RS21;5c;481;917.2;5.2;1;5O;28.45049641;321.8401572
2094;P700200801;7;PET;PEU;vivant;0.074425593;21.88858934;RS2;RS21;5c;481;917.2;5.2;1;5O;30.05076898;476.3186866
2094;P700200801;8;BOP;BOP;vivant;0.204337903;20.46972021;RS2;RS21;5c;481;917.2;5.2;1;5O;23.56250204;321.7273307
2094;P700200801;9;BOJ;BOJ;vivant;0.122353767;25.82440198;RS2;RS21;5c;481;917.2;5.2;1;5O;31.69656145;711.9377971
2094;P700200801;10;PET;PEU;vivant;0.05821453;20.53200148;RS2;RS21;5c;481;917.2;5.2;1;5O;29.39477334;405.9572736
2094;P700200801;11;PET;PEU;vivant;0.052498626;20.09069363;RS2;RS21;5c;481;917.2;5.2;1;5O;29.17015569;384.2576434
2094;P700200801;12;PET;PEU;vivant;0.012684016;16.08218834;RS2;RS21;5c;481;917.2;5.2;1;5O;26.83450618;213.5011939
2094;P700200801;13;PET;PEU;vivant;0.084580938;22.77160041;RS2;RS21;5c;481;917.2;5.2;1;5O;30.45158748;525.0957595
2094;P700200801;14;BOJ;BOJ;vivant;0.26324842;27.08142115;RS2;RS21;5c;481;917.2;5.2;1;5O;29.45719816;728.3139499
2094;P700200801;15;PET;PEU;vivant;0.018362055;16.71416562;RS2;RS21;5c;481;917.2;5.2;1;5O;27.24210495;237.3102776
2094;P700200801;16;BOP;BOP;vivant;0.173542595;16.30307365;RS2;RS21;5c;481;917.2;5.2;1;5O;21.72571443;177.6224583
2094;P700200801;17;BOJ;BOJ;vivant;0.09395135;23.86253668;RS2;RS21;5c;481;917.2;5.2;1;5O;30.92045542;588.6162383
2094;P700200801;18;BOJ;BOJ;vivant;0.239678964;28.94581054;RS2;RS21;5c;481;917.2;5.2;1;5O;30.32069899;851.3578704
2094;P700200801;19;PET;PEU;vivant;0.027644977;17.6686621;RS2;RS21;5c;481;917.2;5.2;1;5O;27.82779001;275.4582303
2094;P700200801;20;BOJ;BOJ;vivant;0.100705328;24.24403096;RS2;RS21;5c;481;917.2;5.2;1;5O;31.0779074;611.6807342
2094;P700200801;22;BOJ;BOJ;vivant;0.164544145;29.23267396;RS2;RS21;5c;481;917.2;5.2;1;5O;32.86555699;954.0084652
2094;P700200801;23;PET;PEU;vivant;0.063702826;20.98954113;RS2;RS21;5c;481;917.2;5.2;1;5O;29.62170707;429.0705041
2094;P700200801;24;BOP;BOP;vivant;0.17565596;16.40667438;RS2;RS21;5c;481;917.2;5.2;1;5O;21.7770695;180.7197615
2094;P700200801;25;BOP;BOP;vivant;0.191214295;17.97594371;RS2;RS21;5c;481;917.2;5.2;1;5O;22.51683743;230.6322577
2094;P700200801;26;BOJ;BOJ;vivant;0.302879088;23.62087295;RS2;RS21;5c;481;917.2;5.2;1;5O;27.68499467;524.3429846
2094;P700200801;27;BOJ;BOJ;vivant;0.29100425;24.64458056;RS2;RS21;5c;481;917.2;5.2;1;5O;28.23412942;581.3310185
2094;P700200801;28;BOJ;BOJ;vivant;0.278859065;25.78260879;RS2;RS21;5c;481;917.2;5.2;1;5O;28.81943478;648.0002808
2094;P700200801;29;BOP;BOP;vivant;0.179144706;16.63301166;RS2;RS21;5c;481;917.2;5.2;1;5O;21.88813408;187.5711376
2094;P700200801;30;BOP;BOP;vivant;0.16905733;15.8794309;RS2;RS21;5c;481;917.2;5.2;1;5O;21.51224539;165.2092344
2094;P700200801;31;BOP;BOP;vivant;0.179144706;16.63301166;RS2;RS21;5c;481;917.2;5.2;1;5O;21.88813408;187.5711376
2094;P700200801;32;PET;PEU;vivant;0.050388115;19.95216389;RS2;RS21;5c;481;917.2;5.2;1;5O;29.09845396;377.5659129
2094;P700200801;33;PET;PEU;vivant;0.055972327;20.39984535;RS2;RS21;5c;481;917.2;5.2;1;5O;29.32810788;399.3979324
2094;P700200801;34;PET;PEU;vivant;0.007248386;15.25470353;RS2;RS21;5c;481;917.2;5.2;1;5O;26.27506718;184.0520166
2094;P700200801;35;BOJ;BOJ;vivant;0.17323652;34.00131899;RS2;RS21;5c;481;917.2;5.2;1;5O;41.94016126;1588.927565
2094;P700200801;36;BOJ;BOJ;vivant;0.242278374;26.60093909;RS2;RS21;5c;481;917.2;5.2;1;5O;39.42541262;942.1060683
2094;P700200801;37;BOP;BOP;vivant;0.180779607;16.74854727;RS2;RS21;5c;481;917.2;5.2;1;5O;21.94423812;191.1133667
2094;P700200801;38;PET;PEU;vivant;0.016648786;16.57181382;RS2;RS21;5c;481;917.2;5.2;1;5O;27.15171829;231.8470898
2094;P700200801;39;BOJ;BOJ;vivant;0.106744883;24.62536031;RS2;RS21;5c;481;917.2;5.2;1;5O;31.23205722;635.1769379
2094;P700200801;40;PET;PEU;vivant;0.021883335;17.00138227;RS2;RS21;5c;481;917.2;5.2;1;5O;27.422024;248.5112755
2094;P700200801;41;NA;AUT;vivant;0.004999883;15.40438461;RS2;RS21;5c;481;917.2;5.2;1;5O;19.49486882;134.5410676
2094;P700200801;42;BOP;BOP;vivant;0.175570884;15.17487006;RS2;RS21;5c;481;917.2;5.2;1;5O;21.14435716;145.4560314
2094;P700200801;43;EPN;EPX;vivant;1.00832553;15.82909056;RS2;RS21;5c;481;917.2;5.2;1;5O;22.62407351;184.6296865
2094;P700200801;44;ERR;ERR;vivant;0.063123423;15.18012835;RS2;RS21;5c;481;917.2;5.2;1;5O;23.05568748;140.7303902
2094;P700200801;45;MEL;MEL;vivant;0.001938413;16.2578463;RS2;RS21;5c;481;917.2;5.2;1;5O;30.55679692;252.5116485
2094;P700200801;46;PEU;PEU;vivant;0.033984885;15.57106079;RS2;RS21;5c;481;917.2;5.2;1;5O;26.49252345;195.081131
2094;P700200801;47;PIG;PIG;vivant;0.000575588;14.04731214;RS2;RS21;5c;481;917.2;5.2;1;5O;31.49315697;194.4783104
2094;P700200801;48;PIN;PIN;vivant;0.000114024;15.65589205;RS2;RS21;5c;481;917.2;5.2;1;5O;22.47299347;181.6497377
2094;P700200801;49;PRP;PRP;vivant;0.003461471;14.88567482;RS2;RS21;5c;481;917.2;5.2;1;5O;20.98846912;NA
2094;P700200801;50;SAB;SAB;vivant;0.785102682;18.64458513;RS2;RS21;5c;481;917.2;5.2;1;5O;23.20365115;261.5768466
2094;P700200801;51;SAL;SAL;vivant;0.001432951;15.0681352;RS2;RS21;5c;481;917.2;5.2;1;5O;21.08716313;NA
2094;P700200801;52;THO;THO;vivant;0.001220756;18.79786684;RS2;RS21;5c;481;917.2;5.2;1;5O;15.25624134;175.9624698
2094;P700200801;53;EPB;EPX;vivant;0.033461233;19.37485721;RS2;RS21;5c;481;917.2;5.2;1;5O;25.14485009;318.5359856
2094;P700200801;54;NA;AUT;vivant;0.004208475;14.20363422;RS2;RS21;5c;481;917.2;5.2;1;5O;18.92878917;106.4548521
2094;P700200801;55;BOP;BOP;vivant;0.179384916;13.95910862;RS2;RS21;5c;481;917.2;5.2;1;5O;20.46851117;113.9493766
2094;P700200801;56;EPN;EPX;vivant;1.143920574;14.58179671;RS2;RS21;5c;481;917.2;5.2;1;5O;21.62838182;145.6679096
2094;P700200801;57;ERR;ERR;vivant;0.054809039;13.96543283;RS2;RS21;5c;481;917.2;5.2;1;5O;22.35046034;109.7977113
2094;P700200801;58;MEL;MEL;vivant;0.001243384;15.01284701;RS2;RS21;5c;481;917.2;5.2;1;5O;29.55500775;203.7197107
2094;P700200801;59;PEU;PEU;vivant;0.019249588;14.23754073;RS2;RS21;5c;481;917.2;5.2;1;5O;25.54397177;150.4967324
2094;P700200801;60;PIG;PIG;vivant;0.000287648;13.18581905;RS2;RS21;5c;481;917.2;5.2;1;5O;30.66896882;161.3311795
2094;P700200801;61;PIN;PIN;vivant;5.59E-05;14.76099442;RS2;RS21;5c;481;917.2;5.2;1;5O;21.81214462;153.5592335
2094;P700200801;62;PRP;PRP;vivant;0.002676006;13.67263006;RS2;RS21;5c;481;917.2;5.2;1;5O;20.30106479;NA
2094;P700200801;63;SAB;SAB;vivant;1.102063977;16.79979922;RS2;RS21;5c;481;917.2;5.2;1;5O;21.96159345;198.5276338
2094;P700200801;64;SAL;SAL;vivant;0.001033896;13.84920305;RS2;RS21;5c;481;917.2;5.2;1;5O;20.40465945;NA
2094;P700200801;65;THO;THO;vivant;0.000906828;16.93614835;RS2;RS21;5c;481;917.2;5.2;1;5O;14.51331003;134.0221022
2094;P700200801;66;EPB;EPX;vivant;0.034421496;17.26836228;RS2;RS21;5c;481;917.2;5.2;1;5O;23.69846568;234.8306626
2094;P700200801;67;NA;AUT;vivant;0.004263465;13.18745781;RS2;RS21;5c;481;917.2;5.2;1;5O;18.41084115;84.79692917
2094;P700200801;68;BOP;BOP;vivant;0.195031318;12.94939367;RS2;RS21;5c;481;917.2;5.2;1;5O;19.86321161;90.21106819
2094;P700200801;69;EPN;EPX;vivant;1.332274627;13.5162852;RS2;RS21;5c;481;917.2;5.2;1;5O;20.72464561;115.6812546
2094;P700200801;70;ERR;ERR;vivant;0.051950527;12.95589231;RS2;RS21;5c;481;917.2;5.2;1;5O;21.71715507;86.41363554
2094;P700200801;71;MEL;MEL;vivant;0.001028872;13.94604234;RS2;RS21;5c;481;917.2;5.2;1;5O;28.63205492;165.3340562
2094;P700200801;72;PEU;PEU;vivant;0.013688527;13.2146549;RS2;RS21;5c;481;917.2;5.2;1;5O;24.75539306;119.6391857
2094;P700200801;73;PIG;PIG;vivant;0.000234837;12.49032806;RS2;RS21;5c;481;917.2;5.2;1;5O;29.96395368;136.3080237
2094;P700200801;74;PIN;PIN;vivant;4.43E-05;14.02070404;RS2;RS21;5c;481;917.2;5.2;1;5O;21.24066366;131.9240768
2094;P700200801;75;PRP;PRP;vivant;0.002583587;12.68572815;RS2;RS21;5c;481;917.2;5.2;1;5O;19.6979191;NA
2094;P700200801;76;SAB;SAB;vivant;1.529524097;15.10126308;RS2;RS21;5c;481;917.2;5.2;1;5O;20.73169193;147.6202076
2094;P700200801;77;SAL;SAL;vivant;0.000959426;12.84052491;RS2;RS21;5c;481;917.2;5.2;1;5O;19.79534101;NA
2094;P700200801;78;THO;THO;vivant;0.000832071;15.25594381;RS2;RS21;5c;481;917.2;5.2;1;5O;13.78382824;100.6639647
2094;P700200801;79;EPB;EPX;vivant;0.036190485;15.45464965;RS2;RS21;5c;481;917.2;5.2;1;5O;22.33180291;172.4925929
2094;P700200801;80;NA;AUT;vivant;0.005280494;12.32976216;RS2;RS21;5c;481;917.2;5.2;1;5O;17.94239174;67.98546156
2094;P700200801;81;BOP;BOP;vivant;0.228668076;12.10296249;RS2;RS21;5c;481;917.2;5.2;1;5O;19.32112712;71.96421087
2094;P700200801;82;EPN;EPX;vivant;1.599952848;12.64410145;RS2;RS21;5c;481;917.2;5.2;1;5O;19.94454368;93.36141345
2094;P700200801;83;ERR;ERR;vivant;0.057355402;12.10971692;RS2;RS21;5c;481;917.2;5.2;1;5O;21.14903983;68.39431467
2094;P700200801;84;MEL;MEL;vivant;0.001155482;13.05976011;RS2;RS21;5c;481;917.2;5.2;1;5O;27.8146182;135.8488272
2094;P700200801;85;PEU;PEU;vivant;0.010433599;12.43696796;RS2;RS21;5c;481;917.2;5.2;1;5O;24.11611995;98.07383585
2094;P700200801;86;PIG;PIG;vivant;0.000322433;11.9270732;RS2;RS21;5c;481;917.2;5.2;1;5O;29.3648103;117.1722883
2094;P700200801;87;PIN;PIN;vivant;6.18E-05;13.40481917;RS2;RS21;5c;481;917.2;5.2;1;5O;20.74680282;115.0178687
2094;P700200801;88;PRP;PRP;vivant;0.003192982;11.850048;RS2;RS21;5c;481;917.2;5.2;1;5O;19.15246154;NA
2094;P700200801;89;SAB;SAB;vivant;2.062622404;13.6665147;RS2;RS21;5c;481;917.2;5.2;1;5O;19.61778951;109.9040406
2094;P700200801;90;SAL;SAL;vivant;0.001179624;11.99680831;RS2;RS21;5c;481;917.2;5.2;1;5O;19.2507245;NA
2094;P700200801;91;THO;THO;vivant;0.000986177;13.81284962;RS2;RS21;5c;481;917.2;5.2;1;5O;13.10550194;75.39703837
2094;P700200801;92;EPB;EPX;vivant;0.039580921;13.87749524;RS2;RS21;5c;481;917.2;5.2;1;5O;21.03684285;125.5094161
2094;P700200801;93;NA;AUT;vivant;0.007447205;11.56867791;RS2;RS21;5c;481;917.2;5.2;1;5O;17.49994327;54.1644116
2094;P700200801;94;BOP;BOP;vivant;0.296723582;11.35559185;RS2;RS21;5c;481;917.2;5.2;1;5O;18.81318949;57.0717693
2094;P700200801;95;EPN;EPX;vivant;1.916334488;11.78037416;RS2;RS21;5c;481;917.2;5.2;1;5O;19.13267477;73.19840971
2094;P700200801;96;ERR;ERR;vivant;0.066058218;11.36223238;RS2;RS21;5c;481;917.2;5.2;1;5O;20.6155737;53.64189179
2094;P700200801;97;MEL;MEL;vivant;0.001406388;12.18240289;RS2;RS21;5c;481;917.2;5.2;1;5O;26.95507607;108.8025654
2094;P700200801;98;PEU;PEU;vivant;0.011727025;11.55512398;RS2;RS21;5c;481;917.2;5.2;1;5O;23.34510662;75.5523385
2094;P700200801;99;PIG;PIG;vivant;0.00061072;11.31715964;RS2;RS21;5c;481;917.2;5.2;1;5O;28.68535305;97.58193942
2094;P700200801;100;PIN;PIN;vivant;0.000104892;12.73239937;RS2;RS21;5c;481;917.2;5.2;1;5O;20.1871409;97.67995729
2094;P700200801;101;PRP;PRP;vivant;0.004588474;11.10224803;RS2;RS21;5c;481;917.2;5.2;1;5O;18.6342496;NA
2094;P700200801;102;SAB;SAB;vivant;2.73018236;12.38925233;RS2;RS21;5c;481;917.2;5.2;1;5O;18.55928613;80.33372151
2094;P700200801;103;SAL;SAL;vivant;0.001695042;11.25400549;RS2;RS21;5c;481;917.2;5.2;1;5O;18.74186477;NA
2094;P700200801;104;THO;THO;vivant;0.001261443;12.52670706;RS2;RS21;5c;481;917.2;5.2;1;5O;12.45445715;55.47936417
2094;P700200801;105;EPB;EPX;vivant;0.044390893;12.5318265;RS2;RS21;5c;481;917.2;5.2;1;5O;19.84129874;90.63201708
2094;P700200801;106;NA;AUT;vivant;0.011172521;10.88023873;RS2;RS21;5c;481;917.2;5.2;1;5O;17.07570807;42.5267752
2094;P700200801;107;BOP;BOP;vivant;0.394611956;10.6828398;RS2;RS21;5c;481;917.2;5.2;1;5O;18.32998894;44.61643353
2094;P700200801;108;EPN;EPX;vivant;2.375271131;11.00197974;RS2;RS21;5c;481;917.2;5.2;1;5O;18.36435381;56.64980562
2094;P700200801;109;ERR;ERR;vivant;0.080258226;10.68927375;RS2;RS21;5c;481;917.2;5.2;1;5O;20.10718282;41.26783566
2094;P700200801;110;MEL;MEL;vivant;0.00187741;11.40657747;RS2;RS21;5c;481;917.2;5.2;1;5O;26.14885436;86.64840011
2094;P700200801;111;PEU;PEU;vivant;0.026742627;10.8488542;RS2;RS21;5c;481;917.2;5.2;1;5O;22.68859277;58.95759297
2094;P700200801;112;PIG;PIG;vivant;0.002270646;10.80007707;RS2;RS21;5c;481;917.2;5.2;1;5O;28.08245982;81.88488424
2094;P700200801;113;PIN;PIN;vivant;0.000287568;12.14135204;RS2;RS21;5c;481;917.2;5.2;1;5O;19.67634761;83.39338984
2094;P700200801;114;PRP;PRP;vivant;0.00706845;10.44578226;RS2;RS21;5c;481;917.2;5.2;1;5O;18.1533923;NA
2094;P700200801;115;SAB;SAB;vivant;3.457728818;11.23083582;RS2;RS21;5c;481;917.2;5.2;1;5O;17.53669444;56.70560889
2094;P700200801;116;SAL;SAL;vivant;0.002641122;10.58669469;RS2;RS21;5c;481;917.2;5.2;1;5O;18.25877789;NA
2094;P700200801;117;THO;THO;vivant;0.001672857;11.35856333;RS2;RS21;5c;481;917.2;5.2;1;5O;11.81962529;39.47256021
2094;P700200801;118;EPB;EPX;vivant;0.050544157;11.35188216;RS2;RS21;5c;481;917.2;5.2;1;5O;18.71423475;63.90054696
2094;P700200801;119;NA;AUT;vivant;0.020294541;10.24198293;RS2;RS21;5c;481;917.2;5.2;1;5O;16.65991302;32.44929425
2094;P700200801;120;BOP;BOP;vivant;0.617835217;10.04775478;RS2;RS21;5c;481;917.2;5.2;1;5O;17.84897565;33.65980739
2094;P700200801;121;EPN;EPX;vivant;2.912203772;10.30469177;RS2;RS21;5c;481;917.2;5.2;1;5O;17.64388899;43.10346328
2094;P700200801;122;ERR;ERR;vivant;0.105950145;10.05393691;RS2;RS21;5c;481;917.2;5.2;1;5O;19.60022899;30.34961366
2094;P700200801;123;MEL;MEL;vivant;0.002817043;10.68774319;RS2;RS21;5c;481;917.2;5.2;1;5O;25.35914196;67.58096668
2094;P700200801;124;PEU;PEU;vivant;0.125455717;10.29727043;RS2;RS21;5c;481;917.2;5.2;1;5O;22.14936422;46.86548401
2094;P700200801;125;PIG;PIG;vivant;0.013521977;10.35778002;RS2;RS21;5c;481;917.2;5.2;1;5O;27.54580441;69.11418125
2094;P700200801;126;PIN;PIN;vivant;0.00119147;11.61515519;RS2;RS21;5c;481;917.2;5.2;1;5O;19.20574382;71.41423109
2094;P700200801;127;PRP;PRP;vivant;0.013580827;9.828778413;RS2;RS21;5c;481;917.2;5.2;1;5O;17.67708984;NA
2094;P700200801;128;SAB;SAB;vivant;4.439226317;10.13330555;RS2;RS21;5c;481;917.2;5.2;1;5O;16.5048674;37.04004061
2094;P700200801;129;SAL;SAL;vivant;0.005194687;9.957792236;RS2;RS21;5c;481;917.2;5.2;1;5O;17.7787477;NA
2094;P700200801;130;THO;THO;vivant;0.002539545;10.25065832;RS2;RS21;5c;481;917.2;5.2;1;5O;11.1737326;26.07586717
2094;P700200801;131;EPB;EPX;vivant;0.05943273;10.30469177;RS2;RS21;5c;481;917.2;5.2;1;5O;17.64388899;43.10346328
